variant,sensing,noise_pct,seed,epochs,train_time_s,test_cv_rmse,test_nmbe,test_r2,test_mae_kW,test_n,train_cv_rmse,train_nmbe,train_r2,train_mae_kW,train_n,err_C_z,err_C_w,err_R_zw,err_R_wo,err_R_inf,rec_C_z,rec_C_w,rec_R_zw,rec_R_wo,rec_R_inf
V1_blackbox,S1,0,0,600,5.0,10.8266,8.8983,0.9679,5.6538,429,5.7561,0.0042,0.9888,2.8442,1711,,,,,,,,,,
V2_soft_physics,S1,0,0,600,6.7,5.4305,1.6755,0.9919,2.5162,429,5.2742,0.0815,0.9906,2.5136,1711,,,,,,,,,,
V3_hard_arch,S1,0,0,600,3.0,31.1183,-20.5256,0.7344,16.7537,429,28.9475,-12.7337,0.7172,17.1115,1711,60.0,60.0,46.1,46.1,48.19,56000000.0,320000000.0,0.0006574392318725586,0.004090732429176569,0.0001813270791899413
V4_neural_forcing,S1,0,0,600,7.1,7.6359,4.9358,0.984,3.8214,429,6.134,-0.656,0.9873,2.9818,1711,0.0,0.0,146.81,141.53,128.05,35000000.0,200000000.0,0.0011106557212769985,0.006762826815247536,0.0007981769740581512
V4F_fixed_Qint,S1,0,0,600,3.5,22.0334,-13.1924,0.8669,11.626,429,19.6114,-10.2463,0.8702,11.9567,1711,0.0,0.0,149.54,107.96,33.12,35000000.0,200000000.0,0.0011229191441088915,0.005822904407978058,0.00023408060951624066
V5_wrong_constraints,S1,0,0,600,6.0,298.0092,200.0662,-23.3576,135.5906,429,352.2139,266.6913,-40.8629,193.8113,1711,60.0,60.0,226.91,226.91,93.43,14000000.0,320000000.0,0.001471110270358622,0.009153581224381924,2.299450534337666e-05
V1_blackbox,S1,5,0,600,4.8,12.8554,9.7421,0.9547,6.4898,429,7.8712,0.0112,0.9795,3.9696,1711,,,,,,,,,,
V2_soft_physics,S1,5,0,600,6.7,7.8882,2.224,0.9829,3.5186,429,7.5677,0.0987,0.9811,3.7516,1711,,,,,,,,,,
V3_hard_arch,S1,5,0,600,2.9,31.8502,-20.1181,0.7216,17.0041,429,29.6046,-12.6632,0.7105,17.6665,1711,60.0,60.0,44.54,44.54,48.41,56000000.0,320000000.0,0.0006504281773231924,0.004047103691846132,0.00018056384578812867
V4_neural_forcing,S1,5,0,600,7.0,9.7849,5.5178,0.9737,4.7374,429,8.2459,-0.7496,0.9775,4.0993,1711,0.0,0.0,144.63,138.64,125.62,35000000.0,200000000.0,0.0011008554138243198,0.006682014558464289,0.0007896590977907181
V4F_fixed_Qint,S1,5,0,600,3.2,23.1288,-12.7809,0.8532,12.3096,429,20.2671,-10.1783,0.8643,12.3229,1711,0.0,0.0,146.79,105.16,33.53,35000000.0,200000000.0,0.001110569341108203,0.005744496826082468,0.00023264001356437802
V5_wrong_constraints,S1,5,0,600,6.1,298.7593,200.6131,-23.4922,135.7613,429,350.9272,265.7144,-39.6745,193.6478,1711,60.0,60.0,226.91,226.91,93.43,14000000.0,320000000.0,0.0014711084077134728,0.009153571911156178,2.2994507162366062e-05
V1_blackbox,S1,10,0,600,4.9,15.0729,8.8503,0.9406,7.3277,429,11.9592,0.0187,0.9535,5.9336,1711,,,,,,,,,,
V2_soft_physics,S1,10,0,600,7.4,12.1642,1.4365,0.9613,5.114,429,11.6639,0.0888,0.9557,5.7616,1711,,,,,,,,,,
V3_hard_arch,S1,10,0,600,2.9,32.5762,-21.3662,0.7227,17.6157,429,30.9294,-12.7162,0.6888,18.2963,1711,60.0,60.0,48.76,48.76,47.9,56000000.0,320000000.0,0.0006694293697364628,0.004165336489677429,0.0001823438797146082
V4_neural_forcing,S1,10,0,600,7.0,13.2341,4.0084,0.9542,5.9956,429,12.0539,-0.6499,0.9527,5.8937,1711,0.0,0.0,145.34,139.45,126.98,35000000.0,200000000.0,0.001104031573049724,0.006704465951770544,0.0007944309618324041
V4F_fixed_Qint,S1,10,0,600,3.2,24.1909,-14.0637,0.8471,12.9429,429,22.3518,-10.2252,0.8375,13.3785,1711,0.0,0.0,153.98,112.74,32.54,35000000.0,200000000.0,0.0011429190635681152,0.00595666142180562,0.00023610061907675117
V5_wrong_constraints,S1,10,0,600,6.3,295.187,198.3367,-21.7705,135.2845,429,354.8291,268.6288,-39.9627,194.175,1711,60.0,60.0,226.91,226.91,93.43,14000000.0,320000000.0,0.0014711149269714952,0.009153610095381737,2.2994507162366062e-05
V1_blackbox,S2,0,0,600,5.2,10.8266,8.8983,0.9679,5.6538,429,5.7561,0.0042,0.9888,2.8442,1711,,,,,,,,,,
V2_soft_physics,S2,0,0,600,7.3,5.4305,1.6755,0.9919,2.5162,429,5.2742,0.0815,0.9906,2.5136,1711,,,,,,,,,,
V3_hard_arch,S2,0,0,600,2.9,31.1183,-20.5256,0.7344,16.7537,429,28.9475,-12.7337,0.7172,17.1115,1711,60.0,60.0,46.1,46.1,48.19,56000000.0,320000000.0,0.0006574392318725586,0.004090732429176569,0.0001813270791899413
V4_neural_forcing,S2,0,0,600,7.3,7.6462,4.9495,0.984,3.8263,429,6.137,-0.649,0.9873,2.9835,1711,0.0,0.0,146.92,141.67,128.15,35000000.0,200000000.0,0.0011111247586086392,0.006766804959625006,0.0007985095726326108
V4F_fixed_Qint,S2,0,0,600,3.0,22.0334,-13.1924,0.8669,11.626,429,19.6114,-10.2463,0.8702,11.9567,1711,0.0,0.0,149.54,107.96,33.12,35000000.0,200000000.0,0.0011229191441088915,0.005822904407978058,0.00023408060951624066
V5_wrong_constraints,S2,0,0,600,5.7,298.0092,200.0662,-23.3576,135.5906,429,352.2139,266.6913,-40.8629,193.8113,1711,60.0,60.0,226.91,226.91,93.43,14000000.0,320000000.0,0.001471110270358622,0.009153581224381924,2.299450534337666e-05
V1_blackbox,S2,5,0,600,5.3,12.8554,9.7421,0.9547,6.4898,429,7.8712,0.0112,0.9795,3.9696,1711,,,,,,,,,,
V2_soft_physics,S2,5,0,600,7.2,7.8882,2.224,0.9829,3.5186,429,7.5677,0.0987,0.9811,3.7516,1711,,,,,,,,,,
V3_hard_arch,S2,5,0,600,3.0,31.8502,-20.1181,0.7216,17.0041,429,29.6046,-12.6632,0.7105,17.6665,1711,60.0,60.0,44.54,44.54,48.41,56000000.0,320000000.0,0.0006504281773231924,0.004047103691846132,0.00018056384578812867
V4_neural_forcing,S2,5,0,600,6.6,9.7967,5.505,0.9737,4.7386,429,8.2419,-0.7436,0.9776,4.0985,1711,0.0,0.0,144.72,138.76,125.7,35000000.0,200000000.0,0.0011012591421604156,0.00668541993945837,0.0007899531628936529
V4F_fixed_Qint,S2,5,0,600,3.1,23.1288,-12.7809,0.8532,12.3096,429,20.2671,-10.1783,0.8643,12.3229,1711,0.0,0.0,146.79,105.16,33.53,35000000.0,200000000.0,0.001110569341108203,0.005744496826082468,0.00023264001356437802
V5_wrong_constraints,S2,5,0,600,6.1,298.7593,200.6131,-23.4922,135.7613,429,350.9272,265.7144,-39.6745,193.6478,1711,60.0,60.0,226.91,226.91,93.43,14000000.0,320000000.0,0.0014711084077134728,0.009153571911156178,2.2994507162366062e-05
V1_blackbox,S2,10,0,600,5.3,15.0729,8.8503,0.9406,7.3277,429,11.9592,0.0187,0.9535,5.9336,1711,,,,,,,,,,
V2_soft_physics,S2,10,0,600,7.0,12.1642,1.4365,0.9613,5.114,429,11.6639,0.0888,0.9557,5.7616,1711,,,,,,,,,,
V3_hard_arch,S2,10,0,600,2.9,32.5762,-21.3662,0.7227,17.6157,429,30.9294,-12.7162,0.6888,18.2963,1711,60.0,60.0,48.76,48.76,47.9,56000000.0,320000000.0,0.0006694293697364628,0.004165336489677429,0.0001823438797146082
V4_neural_forcing,S2,10,0,600,8.8,13.2369,4.0112,0.9542,6.0018,429,12.0554,-0.6455,0.9527,5.8969,1711,0.0,0.0,145.42,139.56,127.06,35000000.0,200000000.0,0.0011043946724385023,0.006707730237394571,0.0007947031408548355
V4F_fixed_Qint,S2,10,0,600,3.1,24.1909,-14.0637,0.8471,12.9429,429,22.3518,-10.2252,0.8375,13.3785,1711,0.0,0.0,153.98,112.74,32.54,35000000.0,200000000.0,0.0011429190635681152,0.00595666142180562,0.00023610061907675117
V5_wrong_constraints,S2,10,0,600,6.3,295.187,198.3367,-21.7705,135.2845,429,354.8291,268.6288,-39.9627,194.175,1711,60.0,60.0,226.91,226.91,93.43,14000000.0,320000000.0,0.0014711149269714952,0.009153610095381737,2.2994507162366062e-05
V1_blackbox,S3,0,0,600,5.2,10.8266,8.8983,0.9679,5.6538,429,5.7561,0.0042,0.9888,2.8442,1711,,,,,,,,,,
V2_soft_physics,S3,0,0,600,7.4,5.4305,1.6755,0.9919,2.5162,429,5.2742,0.0815,0.9906,2.5136,1711,,,,,,,,,,
V3_hard_arch,S3,0,0,600,2.9,31.1183,-20.5256,0.7344,16.7537,429,28.9475,-12.7337,0.7172,17.1115,1711,60.0,60.0,46.1,46.1,48.19,56000000.0,320000000.0,0.0006574392318725586,0.004090732429176569,0.0001813270791899413
V4_neural_forcing,S3,0,0,600,6.1,7.6421,4.9466,0.984,3.8248,429,6.1359,-0.6516,0.9873,2.9828,1711,0.0,0.0,146.91,141.66,128.13,35000000.0,200000000.0,0.0011110869236290455,0.006766504142433405,0.0007984501426108181
V4F_fixed_Qint,S3,0,0,600,3.1,22.0334,-13.1924,0.8669,11.626,429,19.6114,-10.2463,0.8702,11.9567,1711,0.0,0.0,149.54,107.96,33.12,35000000.0,200000000.0,0.0011229191441088915,0.005822904407978058,0.00023408060951624066
V5_wrong_constraints,S3,0,0,600,6.0,298.0092,200.0662,-23.3576,135.5906,429,352.2139,266.6913,-40.8629,193.8113,1711,60.0,60.0,226.91,226.91,93.43,14000000.0,320000000.0,0.001471110270358622,0.009153581224381924,2.299450534337666e-05
V1_blackbox,S3,5,0,600,5.3,12.8554,9.7421,0.9547,6.4898,429,7.8712,0.0112,0.9795,3.9696,1711,,,,,,,,,,
V2_soft_physics,S3,5,0,600,7.4,7.8882,2.224,0.9829,3.5186,429,7.5677,0.0987,0.9811,3.7516,1711,,,,,,,,,,
V3_hard_arch,S3,5,0,600,2.9,31.8502,-20.1181,0.7216,17.0041,429,29.6046,-12.6632,0.7105,17.6665,1711,60.0,60.0,44.54,44.54,48.41,56000000.0,320000000.0,0.0006504281773231924,0.004047103691846132,0.00018056384578812867
V4_neural_forcing,S3,5,0,600,6.1,9.788,5.4813,0.9737,4.732,429,8.236,-0.7456,0.9776,4.0934,1711,0.0,0.0,144.72,138.77,125.7,35000000.0,200000000.0,0.0011012613540515304,0.0066854460164904594,0.000789936981163919
V4F_fixed_Qint,S3,5,0,600,3.1,23.1288,-12.7809,0.8532,12.3096,429,20.2671,-10.1783,0.8643,12.3229,1711,0.0,0.0,146.79,105.16,33.53,35000000.0,200000000.0,0.001110569341108203,0.005744496826082468,0.00023264001356437802
V5_wrong_constraints,S3,5,0,600,6.3,298.7593,200.6131,-23.4922,135.7613,429,350.9272,265.7144,-39.6745,193.6478,1711,60.0,60.0,226.91,226.91,93.43,14000000.0,320000000.0,0.0014711084077134728,0.009153571911156178,2.2994507162366062e-05
V1_blackbox,S3,10,0,600,4.9,15.0729,8.8503,0.9406,7.3277,429,11.9592,0.0187,0.9535,5.9336,1711,,,,,,,,,,
V2_soft_physics,S3,10,0,600,5.0,12.1642,1.4365,0.9613,5.114,429,11.6639,0.0888,0.9557,5.7616,1711,,,,,,,,,,
V3_hard_arch,S3,10,0,600,2.0,32.5762,-21.3662,0.7227,17.6157,429,30.9294,-12.7162,0.6888,18.2963,1711,60.0,60.0,48.76,48.76,47.9,56000000.0,320000000.0,0.0006694293697364628,0.004165336489677429,0.0001823438797146082
V4_neural_forcing,S3,10,0,600,4.1,13.2348,4.0094,0.9542,5.9987,429,12.0546,-0.6483,0.9527,5.8966,1711,0.0,0.0,145.42,139.57,127.06,35000000.0,200000000.0,0.0011044044513255358,0.006707876920700073,0.0007947079720906913
V4F_fixed_Qint,S3,10,0,600,2.2,24.1909,-14.0637,0.8471,12.9429,429,22.3518,-10.2252,0.8375,13.3785,1711,0.0,0.0,153.98,112.74,32.54,35000000.0,200000000.0,0.0011429190635681152,0.00595666142180562,0.00023610061907675117
V5_wrong_constraints,S3,10,0,600,2.8,295.187,198.3367,-21.7705,135.2845,429,354.8291,268.6288,-39.9627,194.175,1711,60.0,60.0,226.91,226.91,93.43,14000000.0,320000000.0,0.0014711149269714952,0.009153610095381737,2.2994507162366062e-05
