variant,sensing,noise_pct,test_cv_rmse_mean,test_cv_rmse_std,test_cv_rmse_count,err_R_s_mean,err_R_s_std,err_R_s_count,err_G_s_mean,err_G_s_std,err_G_s_count,err_R_inf_mean,err_R_inf_std,err_R_inf_count,err_G_inf_mean,err_G_inf_std,err_G_inf_count,ident_mean_err_mean,ident_mean_err_std,ident_mean_err_count,err_R_zw_mean,err_R_zw_std,err_R_zw_count,err_R_wo_mean,err_R_wo_std,err_R_wo_count
V1_blackbox,S1,0,9.84288,0.9617187463078793,5,,,0,,,0,,,0,,,0,,,0,,,0,,,0
V1_blackbox,S1,5,12.35378,0.917127977438263,5,,,0,,,0,,,0,,,0,,,0,,,0,,,0
V1_blackbox,S1,10,15.941939999999999,1.1034770740708657,5,,,0,,,0,,,0,,,0,,,0,,,0,,,0
V1_blackbox,S2,0,9.84288,0.9617187463078793,5,,,0,,,0,,,0,,,0,,,0,,,0,,,0
V1_blackbox,S2,5,12.35378,0.917127977438263,5,,,0,,,0,,,0,,,0,,,0,,,0,,,0
V1_blackbox,S2,10,15.941939999999999,1.1034770740708657,5,,,0,,,0,,,0,,,0,,,0,,,0,,,0
V1_blackbox,S3,0,9.84288,0.9617187463078793,5,,,0,,,0,,,0,,,0,,,0,,,0,,,0
V1_blackbox,S3,5,12.35378,0.917127977438263,5,,,0,,,0,,,0,,,0,,,0,,,0,,,0
V1_blackbox,S3,10,15.941939999999999,1.1034770740708657,5,,,0,,,0,,,0,,,0,,,0,,,0,,,0
V2_soft_physics,S1,0,5.35058,0.07862599442932362,5,,,0,,,0,,,0,,,0,,,0,,,0,,,0
V2_soft_physics,S1,5,7.9073400000000005,0.3070009576532297,5,,,0,,,0,,,0,,,0,,,0,,,0,,,0
V2_soft_physics,S1,10,13.02612,0.8069954504208814,5,,,0,,,0,,,0,,,0,,,0,,,0,,,0
V2_soft_physics,S2,0,5.35058,0.07862599442932362,5,,,0,,,0,,,0,,,0,,,0,,,0,,,0
V2_soft_physics,S2,5,7.9073400000000005,0.3070009576532297,5,,,0,,,0,,,0,,,0,,,0,,,0,,,0
V2_soft_physics,S2,10,13.02612,0.8069954504208814,5,,,0,,,0,,,0,,,0,,,0,,,0,,,0
V2_soft_physics,S3,0,5.35058,0.07862599442932362,5,,,0,,,0,,,0,,,0,,,0,,,0,,,0
V2_soft_physics,S3,5,7.9073400000000005,0.3070009576532297,5,,,0,,,0,,,0,,,0,,,0,,,0,,,0
V2_soft_physics,S3,10,13.02612,0.8069954504208814,5,,,0,,,0,,,0,,,0,,,0,,,0,,,0
V3_hard_arch,S1,0,31.118299999999998,0.0,5,46.09758957073844,0.0,5,31.552601043029956,0.0,5,48.19,0.0,5,93.02136314314774,0.0,5,47.143794785369224,0.0,5,46.1,0.0,5,46.1,0.0,5
V3_hard_arch,S1,5,31.77226,0.14881195516489903,5,45.73038770601969,1.4908856794508123,5,31.37440204704697,0.7000895383664204,5,48.239999999999995,0.18694919095839904,5,93.20659434819963,0.6962243062772816,5,46.98519385300985,0.6682830909844989,5,45.732,1.4908453977525635,5,45.732,1.4908453977525635,5
V3_hard_arch,S1,10,32.814319999999995,0.2755900070757284,5,46.488334911944015,1.4830526040036212,5,31.72960432932448,0.6882984479478401,5,48.182,0.2558710612789185,5,92.98526179401925,0.9473155351672332,5,47.33516745597201,0.7297220862081812,5,46.488,1.4824877739799396,5,46.488,1.4824877739799396,5
V3_hard_arch,S2,0,31.118299999999998,0.0,5,46.09758957073844,0.0,5,31.552601043029956,0.0,5,48.19,0.0,5,93.02136314314774,0.0,5,47.143794785369224,0.0,5,46.1,0.0,5,46.1,0.0,5
V3_hard_arch,S2,5,31.77226,0.14881195516489903,5,45.73038770601969,1.4908856794508123,5,31.37440204704697,0.7000895383664204,5,48.239999999999995,0.18694919095839904,5,93.20659434819963,0.6962243062772816,5,46.98519385300985,0.6682830909844989,5,45.732,1.4908453977525635,5,45.732,1.4908453977525635,5
V3_hard_arch,S2,10,32.814319999999995,0.2755900070757284,5,46.488334911944015,1.4830526040036212,5,31.72960432932448,0.6882984479478401,5,48.182,0.2558710612789185,5,92.98526179401925,0.9473155351672332,5,47.33516745597201,0.7297220862081812,5,46.488,1.4824877739799396,5,46.488,1.4824877739799396,5
V3_hard_arch,S3,0,31.118299999999998,0.0,5,46.09758957073844,0.0,5,31.552601043029956,0.0,5,48.19,0.0,5,93.02136314314774,0.0,5,47.143794785369224,0.0,5,46.1,0.0,5,46.1,0.0,5
V3_hard_arch,S3,5,31.77226,0.14881195516489903,5,45.73038770601969,1.4908856794508123,5,31.37440204704697,0.7000895383664204,5,48.239999999999995,0.18694919095839904,5,93.20659434819963,0.6962243062772816,5,46.98519385300985,0.6682830909844989,5,45.732,1.4908453977525635,5,45.732,1.4908453977525635,5
V3_hard_arch,S3,10,32.814319999999995,0.2755900070757284,5,46.488334911944015,1.4830526040036212,5,31.72960432932448,0.6882984479478401,5,48.182,0.2558710612789185,5,92.98526179401925,0.9473155351672332,5,47.33516745597201,0.7297220862081812,5,46.488,1.4824877739799396,5,46.488,1.4824877739799396,5
V4F_fixed_Qint,S1,0,22.0334,0.0,5,113.71764775651693,0.0,5,53.2092922368641,0.0,5,33.12,0.0,5,49.521141765387256,0.0,5,73.41882387825846,0.0,5,149.54,0.0,5,107.96,0.0,5
V4F_fixed_Qint,S1,5,22.88892,0.22128224510791591,5,113.05580766728,2.6695831445501983,5,53.05806543396612,0.5861387793558084,5,33.21,0.3554574517435252,5,49.729538214504885,0.7906259571945975,5,73.13290383364,1.1815579324128493,5,148.878,2.596260772726813,5,107.298,2.679845144779826,5
V4F_fixed_Qint,S1,10,24.77234,0.41583059411255563,5,114.40749271557664,2.6412932497979207,5,53.3542041340657,0.5717966278196016,5,33.088,0.4446571713129118,5,49.458164555153736,0.9875051039601369,5,73.74774635778832,1.2781619998577176,5,150.148,2.471754437641415,5,108.66600000000001,2.668441492706925,5
V4F_fixed_Qint,S2,0,22.0334,0.0,5,113.71764775651693,0.0,5,53.2092922368641,0.0,5,33.12,0.0,5,49.521141765387256,0.0,5,73.41882387825846,0.0,5,149.54,0.0,5,107.96,0.0,5
V4F_fixed_Qint,S2,5,22.88892,0.22128224510791591,5,113.05580766728,2.6695831445501983,5,53.05806543396612,0.5861387793558084,5,33.21,0.3554574517435252,5,49.729538214504885,0.7906259571945975,5,73.13290383364,1.1815579324128493,5,148.878,2.596260772726813,5,107.298,2.679845144779826,5
V4F_fixed_Qint,S2,10,24.77234,0.41583059411255563,5,114.40749271557664,2.6412932497979207,5,53.3542041340657,0.5717966278196016,5,33.088,0.4446571713129118,5,49.458164555153736,0.9875051039601369,5,73.74774635778832,1.2781619998577176,5,150.148,2.471754437641415,5,108.66600000000001,2.668441492706925,5
V4F_fixed_Qint,S3,0,22.0334,0.0,5,113.71764775651693,0.0,5,53.2092922368641,0.0,5,33.12,0.0,5,49.521141765387256,0.0,5,73.41882387825846,0.0,5,149.54,0.0,5,107.96,0.0,5
V4F_fixed_Qint,S3,5,22.88892,0.22128224510791591,5,113.05580766728,2.6695831445501983,5,53.05806543396612,0.5861387793558084,5,33.21,0.3554574517435252,5,49.729538214504885,0.7906259571945975,5,73.13290383364,1.1815579324128493,5,148.878,2.596260772726813,5,107.298,2.679845144779826,5
V4F_fixed_Qint,S3,10,24.77234,0.41583059411255563,5,114.40749271557664,2.6412932497979207,5,53.3542041340657,0.5717966278196016,5,33.088,0.4446571713129118,5,49.458164555153736,0.9875051039601369,5,73.74774635778832,1.2781619998577176,5,150.148,2.471754437641415,5,108.66600000000001,2.668441492706925,5
V4_neural_forcing,S1,0,7.6392,0.4005417393980307,5,141.8688190384517,1.089864925370668,5,58.65460238889909,0.18637008160011137,5,128.574,1.552765275242842,5,56.24902029932905,0.2978143982257758,5,135.22140951922586,1.1130593371666941,5,146.248,0.7524426888474653,5,141.166,1.15994827470883,5
V4_neural_forcing,S1,5,9.67876,0.5698180174406566,5,140.73215559697786,1.3708359399112229,5,58.45898088481776,0.23624120930430542,5,127.57000000000001,2.061261749511683,5,56.05461162669104,0.39893297437310216,5,134.15107779848893,1.7054795596014274,5,145.392,0.8963648810612832,5,139.98399999999998,1.4626448646202548,5
V4_neural_forcing,S1,10,13.933179999999998,0.6059460264743061,5,141.16070582889296,1.218370744128883,5,58.53302754242528,0.20965222713153106,5,127.91,1.9904773296875342,5,56.12027584904369,0.382996192877727,5,134.5353529144465,1.003432327910155,5,145.71999999999997,0.966824699725856,5,140.428,1.275566540796686,5
V4_neural_forcing,S2,0,7.647239999999999,0.4018871271887172,5,141.98436393187325,1.102078402112945,5,58.67432973010468,0.18832153372823493,5,128.656,1.545972186037002,5,56.264538370938055,0.2960459824366401,5,135.32018196593663,1.110910158314525,5,146.34,0.7689278249614813,5,141.286,1.1677456914928017,5
V4_neural_forcing,S2,5,9.68436,0.5725827782949816,5,140.85044502638524,1.3575704843635141,5,58.479404691310265,0.23374374136185994,5,127.652,2.061630422747977,5,56.070760093028994,0.39822633134383145,5,134.25122251319263,1.6995571841543484,5,145.482,0.8801533957214502,5,140.10399999999998,1.4512684107359313,5
V4_neural_forcing,S2,10,13.941460000000001,0.6041169158366619,5,141.2493312014954,1.2134852953163624,5,58.54826816764248,0.20867845467267115,5,127.97199999999998,2.0022911876148295,5,56.13193309249211,0.3850912903259195,5,134.6106656007477,0.9988342742424817,5,145.788,0.9645568930861531,5,140.52,1.2751666557748396,5
V4_neural_forcing,S3,0,7.64276,0.4036534317951477,5,141.95505807605787,1.0273545346670612,5,58.669413822504524,0.1756698441412411,5,128.696,1.617306402633716,5,56.272054889285116,0.30949306635961654,5,135.32552903802895,1.1162874116107648,5,146.31199999999998,0.717927572948692,5,141.256,1.0921217880804237,5
V4_neural_forcing,S3,5,9.684000000000001,0.5710945849857096,5,140.84707077305725,1.3554283690865543,5,58.478826316774736,0.23337424459716646,5,127.644,2.0538330019745983,5,56.06868104525,0.39687025493123623,5,134.24553538652862,1.6940960831729288,5,145.482,0.880976730680214,5,140.10399999999998,1.4463505799079264,5
V4_neural_forcing,S3,10,13.94008,0.6140049283189838,5,141.297633172224,1.2190622143017165,5,58.55655822304145,0.20959973462129497,5,127.99600000000001,1.9664511181313398,5,56.136716036936754,0.3779285388260602,5,134.646816586112,0.9707093294523252,5,145.828,0.978069527180959,5,140.57,1.2775562609920506,5
V5_wrong_constraints,S1,0,298.03202,0.01656342355915522,5,226.9019028028597,0.02028413652452832,5,69.40978334765752,0.0018981876774286466,5,93.43,0.0,5,1422.1941303741273,0.06890519247755097,5,160.16595140142985,0.010142068262267151,5,226.902,0.019235384061662714,5,226.902,0.019235384061662714,5
V5_wrong_constraints,S1,5,298.37656000000004,1.1199006308597117,5,226.90184477429847,0.020338304872177082,5,69.40977791706374,0.0019032649934877426,5,93.43,0.0,5,1422.194009956552,0.06895224682420947,5,160.16592238714924,0.010169152436104435,5,226.902,0.019235384061662714,5,226.902,0.019235384061662714,5
V5_wrong_constraints,S1,10,298.1952,2.512431906539989,5,226.90220799010217,0.020154127704684728,5,69.40981190707815,0.0018860084297047128,5,93.43,0.0,5,1422.194058121179,0.06890028958213856,5,160.1661039950511,0.010077063852323037,5,226.9,0.01870828693386551,5,226.9,0.01870828693386551,5
V5_wrong_constraints,S2,0,298.03202,0.01656342355915522,5,226.9019028028597,0.02028413652452832,5,69.40978334765752,0.0018981876774286466,5,93.43,0.0,5,1422.1941303741273,0.06890519247755097,5,160.16595140142985,0.010142068262267151,5,226.902,0.019235384061662714,5,226.902,0.019235384061662714,5
V5_wrong_constraints,S2,5,298.37656000000004,1.1199006308597117,5,226.90184477429847,0.020338304872177082,5,69.40977791706374,0.0019032649934877426,5,93.43,0.0,5,1422.194009956552,0.06895224682420947,5,160.16592238714924,0.010169152436104435,5,226.902,0.019235384061662714,5,226.902,0.019235384061662714,5
V5_wrong_constraints,S2,10,298.1952,2.512431906539989,5,226.90220799010217,0.020154127704684728,5,69.40981190707815,0.0018860084297047128,5,93.43,0.0,5,1422.194058121179,0.06890028958213856,5,160.1661039950511,0.010077063852323037,5,226.9,0.01870828693386551,5,226.9,0.01870828693386551,5
V5_wrong_constraints,S3,0,298.03202,0.01656342355915522,5,226.9019028028597,0.02028413652452832,5,69.40978334765752,0.0018981876774286466,5,93.43,0.0,5,1422.1941303741273,0.06890519247755097,5,160.16595140142985,0.010142068262267151,5,226.902,0.019235384061662714,5,226.902,0.019235384061662714,5
V5_wrong_constraints,S3,5,298.37656000000004,1.1199006308597117,5,226.90184477429847,0.020338304872177082,5,69.40977791706374,0.0019032649934877426,5,93.43,0.0,5,1422.194009956552,0.06895224682420947,5,160.16592238714924,0.010169152436104435,5,226.902,0.019235384061662714,5,226.902,0.019235384061662714,5
V5_wrong_constraints,S3,10,298.1952,2.512431906539989,5,226.90220799010217,0.020154127704684728,5,69.40981190707815,0.0018860084297047128,5,93.43,0.0,5,1422.194058121179,0.06890028958213856,5,160.1661039950511,0.010077063852323037,5,226.9,0.01870828693386551,5,226.9,0.01870828693386551,5
