variant,sensing,noise_pct,seed,epochs,train_time_s,test_cv_rmse,test_nmbe,test_r2,test_mae_kW,test_n,train_cv_rmse,train_nmbe,train_r2,train_mae_kW,train_n,err_C_z,err_C_w,err_R_zw,err_R_wo,err_R_inf,rec_C_z,rec_C_w,rec_R_zw,rec_R_wo,rec_R_inf,rec_R_s,err_R_s,err_G_s,err_G_inf
V1_blackbox,S1,0,0,600,5.0,10.8266,8.8983,0.9679,5.6538,429,5.7561,0.0042,0.9888,2.8442,1711,,,,,,,,,,,,,,
V2_soft_physics,S1,0,0,600,6.7,5.4305,1.6755,0.9919,2.5162,429,5.2742,0.0815,0.9906,2.5136,1711,,,,,,,,,,,,,,
V3_hard_arch,S1,0,0,600,3.0,31.1183,-20.5256,0.7344,16.7537,429,28.9475,-12.7337,0.7172,17.1115,1711,60.0,60.0,46.1,46.1,48.19,56000000.0,320000000.0,0.0006574392318725,0.0040907324291765,0.0001813270791899,0.004748171661048999,46.09758957073844,31.552601043029956,93.02136314314774
V4_neural_forcing,S1,0,0,600,7.1,7.6359,4.9358,0.984,3.8214,429,6.134,-0.656,0.9873,2.9818,1711,0.0,0.0,146.81,141.53,128.05,35000000.0,200000000.0,0.0011106557212769,0.0067628268152475,0.0007981769740581,0.0078734825365244,142.26100112382773,58.72220475598272,56.15007556275068
V4F_fixed_Qint,S1,0,0,600,3.5,22.0334,-13.1924,0.8669,11.626,429,19.6114,-10.2463,0.8702,11.9567,1711,0.0,0.0,149.54,107.96,33.12,35000000.0,200000000.0,0.0011229191441088,0.005822904407978,0.0002340806095162,0.0069458235520868,113.71764775651694,53.2092922368641,49.521141765387256
V5_wrong_constraints,S1,0,0,600,6.0,298.0092,200.0662,-23.3576,135.5906,429,352.2139,266.6913,-40.8629,193.8113,1711,60.0,60.0,226.91,226.91,93.43,14000000.0,320000000.0,0.0014711102703586,0.0091535812243819,2.299450534337666e-05,0.010624691494740499,226.91358445355382,69.41087652654352,1422.102757913051
V1_blackbox,S1,5,0,600,4.8,12.8554,9.7421,0.9547,6.4898,429,7.8712,0.0112,0.9795,3.9696,1711,,,,,,,,,,,,,,
V2_soft_physics,S1,5,0,600,6.7,7.8882,2.224,0.9829,3.5186,429,7.5677,0.0987,0.9811,3.7516,1711,,,,,,,,,,,,,,
V3_hard_arch,S1,5,0,600,2.9,31.8502,-20.1181,0.7216,17.0041,429,29.6046,-12.6632,0.7105,17.6665,1711,60.0,60.0,44.54,44.54,48.41,56000000.0,320000000.0,0.0006504281773231,0.0040471036918461,0.0001805638457881,0.0046975318691692,44.53944212828308,30.81473227823377,93.83725378265432
V4_neural_forcing,S1,5,0,600,7.0,9.7849,5.5178,0.9737,4.7374,429,8.2459,-0.7496,0.9775,4.0993,1711,0.0,0.0,144.63,138.64,125.62,35000000.0,200000000.0,0.0011008554138243,0.0066820145584642,0.0007896590977907,0.0077828699722885,139.47292222426154,58.24162536992302,55.67707622450925
V4F_fixed_Qint,S1,5,0,600,3.2,23.1288,-12.7809,0.8532,12.3096,429,20.2671,-10.1783,0.8643,12.3229,1711,0.0,0.0,146.79,105.16,33.53,35000000.0,200000000.0,0.0011105693411082,0.0057444968260824,0.0002326400135643,0.0068550661671906,110.92511283663384,52.58980846085775,50.44703386903069
V5_wrong_constraints,S1,5,0,600,6.1,298.7593,200.6131,-23.4922,135.7613,429,350.9272,265.7144,-39.6745,193.6478,1711,60.0,60.0,226.91,226.91,93.43,14000000.0,320000000.0,0.0014711084077134,0.0091535719111561,2.2994507162366062e-05,0.0106246803188695,226.91324058060002,69.41084435050738,1422.1026375065223
V1_blackbox,S1,10,0,600,4.9,15.0729,8.8503,0.9406,7.3277,429,11.9592,0.0187,0.9535,5.9336,1711,,,,,,,,,,,,,,
V2_soft_physics,S1,10,0,600,7.4,12.1642,1.4365,0.9613,5.114,429,11.6639,0.0888,0.9557,5.7616,1711,,,,,,,,,,,,,,
V3_hard_arch,S1,10,0,600,2.9,32.5762,-21.3662,0.7227,17.6157,429,30.9294,-12.7162,0.6888,18.2963,1711,60.0,60.0,48.76,48.76,47.9,56000000.0,320000000.0,0.0006694293697364,0.0041653364896774,0.0001823438797146,0.0048347658594138,48.76202644350155,32.77854410111905,91.94502198144025
V4_neural_forcing,S1,10,0,600,7.0,13.2341,4.0084,0.9542,5.9956,429,12.0539,-0.6499,0.9527,5.8937,1711,0.0,0.0,145.34,139.45,126.98,35000000.0,200000000.0,0.0011040315730497,0.0067044659517705,0.0007944309618324,0.0078084975248202,140.26146230216,58.378676695875164,55.943308252651036
V4F_fixed_Qint,S1,10,0,600,3.2,24.1909,-14.0637,0.8471,12.9429,429,22.3518,-10.2252,0.8375,13.3785,1711,0.0,0.0,153.98,112.74,32.54,35000000.0,200000000.0,0.0011429190635681,0.0059566614218056,0.0002361006190767,0.007099580485373701,118.4486303191908,54.222647286053984,48.24188152014054
V5_wrong_constraints,S1,10,0,600,6.3,295.187,198.3367,-21.7705,135.2845,429,354.8291,268.6288,-39.9627,194.175,1711,60.0,60.0,226.91,226.91,93.43,14000000.0,320000000.0,0.0014711149269714,0.0091536100953817,2.2994507162366062e-05,0.0106247250223531,226.9146160724031,69.41097305424466,1422.1026375065223
V1_blackbox,S2,0,0,600,5.2,10.8266,8.8983,0.9679,5.6538,429,5.7561,0.0042,0.9888,2.8442,1711,,,,,,,,,,,,,,
V2_soft_physics,S2,0,0,600,7.3,5.4305,1.6755,0.9919,2.5162,429,5.2742,0.0815,0.9906,2.5136,1711,,,,,,,,,,,,,,
V3_hard_arch,S2,0,0,600,2.9,31.1183,-20.5256,0.7344,16.7537,429,28.9475,-12.7337,0.7172,17.1115,1711,60.0,60.0,46.1,46.1,48.19,56000000.0,320000000.0,0.0006574392318725,0.0040907324291765,0.0001813270791899,0.004748171661048999,46.09758957073844,31.552601043029956,93.02136314314774
V4_neural_forcing,S2,0,0,600,7.3,7.6462,4.9495,0.984,3.8263,429,6.137,-0.649,0.9873,2.9835,1711,0.0,0.0,146.92,141.67,128.15,35000000.0,200000000.0,0.0011111247586086,0.006766804959625,0.0007985095726326,0.0078779297182336,142.3978374841108,58.7455065449769,56.168340118191985
V4F_fixed_Qint,S2,0,0,600,3.0,22.0334,-13.1924,0.8669,11.626,429,19.6114,-10.2463,0.8702,11.9567,1711,0.0,0.0,149.54,107.96,33.12,35000000.0,200000000.0,0.0011229191441088,0.005822904407978,0.0002340806095162,0.0069458235520868,113.71764775651694,53.2092922368641,49.521141765387256
V5_wrong_constraints,S2,0,0,600,5.7,298.0092,200.0662,-23.3576,135.5906,429,352.2139,266.6913,-40.8629,193.8113,1711,60.0,60.0,226.91,226.91,93.43,14000000.0,320000000.0,0.0014711102703586,0.0091535812243819,2.299450534337666e-05,0.010624691494740499,226.91358445355382,69.41087652654352,1422.102757913051
V1_blackbox,S2,5,0,600,5.3,12.8554,9.7421,0.9547,6.4898,429,7.8712,0.0112,0.9795,3.9696,1711,,,,,,,,,,,,,,
V2_soft_physics,S2,5,0,600,7.2,7.8882,2.224,0.9829,3.5186,429,7.5677,0.0987,0.9811,3.7516,1711,,,,,,,,,,,,,,
V3_hard_arch,S2,5,0,600,3.0,31.8502,-20.1181,0.7216,17.0041,429,29.6046,-12.6632,0.7105,17.6665,1711,60.0,60.0,44.54,44.54,48.41,56000000.0,320000000.0,0.0006504281773231,0.0040471036918461,0.0001805638457881,0.0046975318691692,44.53944212828308,30.81473227823377,93.83725378265432
V4_neural_forcing,S2,5,0,600,6.6,9.7967,5.505,0.9737,4.7386,429,8.2419,-0.7436,0.9776,4.0985,1711,0.0,0.0,144.72,138.76,125.7,35000000.0,200000000.0,0.0011012591421604,0.0066854199394583,0.0007899531628936,0.0077866790816187,139.59012558826768,58.26205284776693,55.69357571555897
V4F_fixed_Qint,S2,5,0,600,3.1,23.1288,-12.7809,0.8532,12.3096,429,20.2671,-10.1783,0.8643,12.3229,1711,0.0,0.0,146.79,105.16,33.53,35000000.0,200000000.0,0.0011105693411082,0.0057444968260824,0.0002326400135643,0.0068550661671906,110.92511283663384,52.58980846085775,50.44703386903069
V5_wrong_constraints,S2,5,0,600,6.1,298.7593,200.6131,-23.4922,135.7613,429,350.9272,265.7144,-39.6745,193.6478,1711,60.0,60.0,226.91,226.91,93.43,14000000.0,320000000.0,0.0014711084077134,0.0091535719111561,2.2994507162366062e-05,0.0106246803188695,226.91324058060002,69.41084435050738,1422.1026375065223
V1_blackbox,S2,10,0,600,5.3,15.0729,8.8503,0.9406,7.3277,429,11.9592,0.0187,0.9535,5.9336,1711,,,,,,,,,,,,,,
V2_soft_physics,S2,10,0,600,7.0,12.1642,1.4365,0.9613,5.114,429,11.6639,0.0888,0.9557,5.7616,1711,,,,,,,,,,,,,,
V3_hard_arch,S2,10,0,600,2.9,32.5762,-21.3662,0.7227,17.6157,429,30.9294,-12.7162,0.6888,18.2963,1711,60.0,60.0,48.76,48.76,47.9,56000000.0,320000000.0,0.0006694293697364,0.0041653364896774,0.0001823438797146,0.0048347658594138,48.76202644350155,32.77854410111905,91.94502198144025
V4_neural_forcing,S2,10,0,600,8.8,13.2369,4.0112,0.9542,6.0018,429,12.0554,-0.6455,0.9527,5.8969,1711,0.0,0.0,145.42,139.56,127.06,35000000.0,200000000.0,0.0011043946724385,0.0067077302373945,0.0007947031408548,0.007812124909833,140.37307414870767,58.39800262398166,55.9583972924113
V4F_fixed_Qint,S2,10,0,600,3.1,24.1909,-14.0637,0.8471,12.9429,429,22.3518,-10.2252,0.8375,13.3785,1711,0.0,0.0,153.98,112.74,32.54,35000000.0,200000000.0,0.0011429190635681,0.0059566614218056,0.0002361006190767,0.007099580485373701,118.4486303191908,54.222647286053984,48.24188152014054
V5_wrong_constraints,S2,10,0,600,6.3,295.187,198.3367,-21.7705,135.2845,429,354.8291,268.6288,-39.9627,194.175,1711,60.0,60.0,226.91,226.91,93.43,14000000.0,320000000.0,0.0014711149269714,0.0091536100953817,2.2994507162366062e-05,0.0106247250223531,226.9146160724031,69.41097305424466,1422.1026375065223
V1_blackbox,S3,0,0,600,5.2,10.8266,8.8983,0.9679,5.6538,429,5.7561,0.0042,0.9888,2.8442,1711,,,,,,,,,,,,,,
V2_soft_physics,S3,0,0,600,7.4,5.4305,1.6755,0.9919,2.5162,429,5.2742,0.0815,0.9906,2.5136,1711,,,,,,,,,,,,,,
V3_hard_arch,S3,0,0,600,2.9,31.1183,-20.5256,0.7344,16.7537,429,28.9475,-12.7337,0.7172,17.1115,1711,60.0,60.0,46.1,46.1,48.19,56000000.0,320000000.0,0.0006574392318725,0.0040907324291765,0.0001813270791899,0.004748171661048999,46.09758957073844,31.552601043029956,93.02136314314774
V4_neural_forcing,S3,0,0,600,6.1,7.6421,4.9466,0.984,3.8248,429,6.1359,-0.6516,0.9873,2.9828,1711,0.0,0.0,146.91,141.66,128.13,35000000.0,200000000.0,0.001111086923629,0.0067665041424334,0.0007984501426108,0.0078775910660624,142.38741741730465,58.7437330429427,56.16507765211767
V4F_fixed_Qint,S3,0,0,600,3.1,22.0334,-13.1924,0.8669,11.626,429,19.6114,-10.2463,0.8702,11.9567,1711,0.0,0.0,149.54,107.96,33.12,35000000.0,200000000.0,0.0011229191441088,0.005822904407978,0.0002340806095162,0.0069458235520868,113.71764775651694,53.2092922368641,49.521141765387256
V5_wrong_constraints,S3,0,0,600,6.0,298.0092,200.0662,-23.3576,135.5906,429,352.2139,266.6913,-40.8629,193.8113,1711,60.0,60.0,226.91,226.91,93.43,14000000.0,320000000.0,0.0014711102703586,0.0091535812243819,2.299450534337666e-05,0.010624691494740499,226.91358445355382,69.41087652654352,1422.102757913051
V1_blackbox,S3,5,0,600,5.3,12.8554,9.7421,0.9547,6.4898,429,7.8712,0.0112,0.9795,3.9696,1711,,,,,,,,,,,,,,
V2_soft_physics,S3,5,0,600,7.4,7.8882,2.224,0.9829,3.5186,429,7.5677,0.0987,0.9811,3.7516,1711,,,,,,,,,,,,,,
V3_hard_arch,S3,5,0,600,2.9,31.8502,-20.1181,0.7216,17.0041,429,29.6046,-12.6632,0.7105,17.6665,1711,60.0,60.0,44.54,44.54,48.41,56000000.0,320000000.0,0.0006504281773231,0.0040471036918461,0.0001805638457881,0.0046975318691692,44.53944212828308,30.81473227823377,93.83725378265432
V4_neural_forcing,S3,5,0,600,6.1,9.788,5.4813,0.9737,4.732,429,8.236,-0.7456,0.9776,4.0934,1711,0.0,0.0,144.72,138.77,125.7,35000000.0,200000000.0,0.0011012613540515,0.0066854460164904,0.0007899369811639,0.0077867073705419,139.59099601667387,58.26220448073903,55.692668105713075
V4F_fixed_Qint,S3,5,0,600,3.1,23.1288,-12.7809,0.8532,12.3096,429,20.2671,-10.1783,0.8643,12.3229,1711,0.0,0.0,146.79,105.16,33.53,35000000.0,200000000.0,0.0011105693411082,0.0057444968260824,0.0002326400135643,0.0068550661671906,110.92511283663384,52.58980846085775,50.44703386903069
V5_wrong_constraints,S3,5,0,600,6.3,298.7593,200.6131,-23.4922,135.7613,429,350.9272,265.7144,-39.6745,193.6478,1711,60.0,60.0,226.91,226.91,93.43,14000000.0,320000000.0,0.0014711084077134,0.0091535719111561,2.2994507162366062e-05,0.0106246803188695,226.91324058060002,69.41084435050738,1422.1026375065223
V1_blackbox,S3,10,0,600,4.9,15.0729,8.8503,0.9406,7.3277,429,11.9592,0.0187,0.9535,5.9336,1711,,,,,,,,,,,,,,
V2_soft_physics,S3,10,0,600,5.0,12.1642,1.4365,0.9613,5.114,429,11.6639,0.0888,0.9557,5.7616,1711,,,,,,,,,,,,,,
V3_hard_arch,S3,10,0,600,2.0,32.5762,-21.3662,0.7227,17.6157,429,30.9294,-12.7162,0.6888,18.2963,1711,60.0,60.0,48.76,48.76,47.9,56000000.0,320000000.0,0.0006694293697364,0.0041653364896774,0.0001823438797146,0.0048347658594138,48.76202644350155,32.77854410111905,91.94502198144025
V4_neural_forcing,S3,10,0,600,4.1,13.2348,4.0094,0.9542,5.9987,429,12.0546,-0.6483,0.9527,5.8966,1711,0.0,0.0,145.42,139.57,127.06,35000000.0,200000000.0,0.0011044044513255,0.0067078769207,0.0007947079720906,0.007812281372025501,140.3778883700154,58.39883581718245,55.95866503273249
V4F_fixed_Qint,S3,10,0,600,2.2,24.1909,-14.0637,0.8471,12.9429,429,22.3518,-10.2252,0.8375,13.3785,1711,0.0,0.0,153.98,112.74,32.54,35000000.0,200000000.0,0.0011429190635681,0.0059566614218056,0.0002361006190767,0.007099580485373701,118.4486303191908,54.222647286053984,48.24188152014054
V5_wrong_constraints,S3,10,0,600,2.8,295.187,198.3367,-21.7705,135.2845,429,354.8291,268.6288,-39.9627,194.175,1711,60.0,60.0,226.91,226.91,93.43,14000000.0,320000000.0,0.0014711149269714,0.0091536100953817,2.2994507162366062e-05,0.0106247250223531,226.9146160724031,69.41097305424466,1422.1026375065223
V1_blackbox,S1,0,1,600,2.0,10.4572,8.5756,0.97,5.4984,429,5.732,-0.0062,0.9889,2.8275,1711,,,,,,,,,,,,,,
V2_soft_physics,S1,0,1,600,2.8,5.4274,1.5511,0.9919,2.5607,429,5.2867,0.0897,0.9906,2.5232,1711,,,,,,,,,,,,,,
V3_hard_arch,S1,0,1,600,2.1,31.1183,-20.5256,0.7344,16.7537,429,28.9475,-12.7337,0.7172,17.1115,1711,60.0,60.0,46.1,46.1,48.19,56000000.0,320000000.0,0.0006574392318725,0.0040907324291765,0.0001813270791899,0.004748171661048999,46.09758957073844,31.552601043029956,93.02136314314774
V4_neural_forcing,S1,0,1,600,3.2,8.2812,5.7862,0.9812,4.2404,429,6.0765,-0.6396,0.9875,2.9636,1711,0.0,0.0,146.55,140.95,126.33,35000000.0,200000000.0,0.0011094912188127,0.0067465007305145,0.0007921535288915,0.0078559919493272,141.72282921006772,58.63030383733609,55.81664573409495
V4F_fixed_Qint,S1,0,1,600,2.3,22.0334,-13.1924,0.8669,11.626,429,19.6114,-10.2463,0.8702,11.9567,1711,0.0,0.0,149.54,107.96,33.12,35000000.0,200000000.0,0.0011229191441088,0.005822904407978,0.0002340806095162,0.0069458235520868,113.71764775651694,53.2092922368641,49.521141765387256
V5_wrong_constraints,S1,0,1,600,2.8,298.0224,200.0788,-23.3598,135.5973,429,352.2285,266.7043,-40.8663,193.8209,1711,60.0,60.0,226.92,226.92,93.43,14000000.0,320000000.0,0.0014711513649672,0.0091538373380899,2.2993872335064225e-05,0.0106249887030571,226.92272932483388,69.41173218316095,1422.1446605418948
V1_blackbox,S1,5,1,600,2.6,13.4437,10.2197,0.9507,6.9889,429,7.8829,0.0102,0.9794,3.9868,1711,,,,,,,,,,,,,,
V2_soft_physics,S1,5,1,600,6.7,8.185,1.5923,0.9817,3.5787,429,7.4413,0.0787,0.9816,3.6619,1711,,,,,,,,,,,,,,
V3_hard_arch,S1,5,1,600,2.2,31.6922,-20.0861,0.726,16.9891,429,29.2213,-12.6418,0.7165,17.4074,1711,60.0,60.0,44.31,44.31,48.36,56000000.0,320000000.0,0.0006493877153843,0.0040406319312751,0.0001807297230698,0.0046900196466594,44.30829682028923,30.703915018460414,93.6593461523901
V4_neural_forcing,S1,5,1,600,3.2,10.6064,6.3505,0.9693,5.2721,429,8.058,-0.6406,0.9784,3.9819,1711,0.0,0.0,145.03,138.56,125.28,35000000.0,200000000.0,0.0011026351712644,0.0066796103492379,0.0007884674705564,0.007782245520502299,139.4537083231477,58.23827465430272,55.61009007093032
V4F_fixed_Qint,S1,5,1,600,2.3,22.9831,-12.7431,0.8559,12.2837,429,20.2178,-10.1551,0.8643,12.3189,1711,0.0,0.0,146.4,104.75,33.46,35000000.0,200000000.0,0.0011088217142969,0.0057328972034156,0.0002328938862774,0.0068417189177125,110.5144282373077,52.49731771958523,50.28303473072492
V5_wrong_constraints,S1,5,1,600,2.9,299.0844,200.8036,-23.4043,135.6569,429,351.1125,265.9113,-39.924,193.643,1711,60.0,60.0,226.92,226.92,93.43,14000000.0,320000000.0,0.0014711478725075,0.0091538168489933,2.2993877792032436e-05,0.010624964721500799,226.92199143079384,69.41166314253012,1422.144299302477
V1_blackbox,S1,10,1,600,2.0,16.6192,9.6015,0.9275,8.3024,429,12.1738,0.0153,0.952,6.1129,1711,,,,,,,,,,,,,,
V2_soft_physics,S1,10,1,600,5.8,14.1583,2.7376,0.9474,6.1762,429,11.9731,0.0955,0.9535,5.9181,1711,,,,,,,,,,,,,,
V3_hard_arch,S1,10,1,600,2.2,33.2162,-20.6237,0.7104,17.7751,429,31.0477,-12.7292,0.6876,18.5715,1711,60.0,60.0,46.48,46.48,48.34,56000000.0,320000000.0,0.0006591656128875,0.0041014710441231,0.0001808080414775,0.0047606366570106,46.481127908018465,31.731820045245605,93.57546110224
V4_neural_forcing,S1,10,1,600,3.2,14.7737,5.3505,0.9427,6.8494,429,12.4879,-0.7031,0.9495,6.1548,1711,0.0,0.0,146.26,140.44,125.3,35000000.0,200000000.0,0.0011081839911639,0.0067324182018637,0.0007885325467213,0.0078406021930276,141.24929824700308,58.54910222469745,55.61375348991086
V4F_fixed_Qint,S1,10,1,600,2.3,25.1212,-13.3099,0.8344,13.4246,429,22.5371,-10.2432,0.8354,13.6059,1711,0.0,0.0,150.12,108.66,33.36,35000000.0,200000000.0,0.0011255608405917,0.0058424826711416,0.000233234008192,0.0069680435117333,114.40133882256309,53.358500208452874,50.063879068560766
V5_wrong_constraints,S1,10,1,600,4.1,297.0758,199.4331,-22.1637,135.2095,429,351.9151,266.3168,-39.1312,193.7485,1711,60.0,60.0,226.92,226.92,93.43,14000000.0,320000000.0,0.0014711556723341,0.0091538652777671,2.2993872335064225e-05,0.0106250209501012,226.92372154157542,69.41182501885753,1422.1446605418948
V1_blackbox,S2,0,1,600,5.2,10.4572,8.5756,0.97,5.4984,429,5.732,-0.0062,0.9889,2.8275,1711,,,,,,,,,,,,,,
V2_soft_physics,S2,0,1,600,7.3,5.4274,1.5511,0.9919,2.5607,429,5.2867,0.0897,0.9906,2.5232,1711,,,,,,,,,,,,,,
V3_hard_arch,S2,0,1,600,2.2,31.1183,-20.5256,0.7344,16.7537,429,28.9475,-12.7337,0.7172,17.1115,1711,60.0,60.0,46.1,46.1,48.19,56000000.0,320000000.0,0.0006574392318725,0.0040907324291765,0.0001813270791899,0.004748171661048999,46.09758957073844,31.552601043029956,93.02136314314774
V4_neural_forcing,S2,0,1,600,4.4,8.2894,5.7967,0.9812,4.2446,429,6.0786,-0.6334,0.9875,2.9645,1711,0.0,0.0,146.66,141.09,126.42,35000000.0,200000000.0,0.0011099504772573,0.006750548724085,0.0007924868841655,0.0078604992013423,141.86151388745543,58.65402544096674,55.835231220444115
V4F_fixed_Qint,S2,0,1,600,2.2,22.0334,-13.1924,0.8669,11.626,429,19.6114,-10.2463,0.8702,11.9567,1711,0.0,0.0,149.54,107.96,33.12,35000000.0,200000000.0,0.0011229191441088,0.005822904407978,0.0002340806095162,0.0069458235520868,113.71764775651694,53.2092922368641,49.521141765387256
V5_wrong_constraints,S2,0,1,600,5.1,298.0224,200.0788,-23.3598,135.5973,429,352.2285,266.7043,-40.8663,193.8209,1711,60.0,60.0,226.92,226.92,93.43,14000000.0,320000000.0,0.0014711513649672,0.0091538373380899,2.2993872335064225e-05,0.0106249887030571,226.92272932483388,69.41173218316095,1422.1446605418948
V1_blackbox,S2,5,1,600,5.2,13.4437,10.2197,0.9507,6.9889,429,7.8829,0.0102,0.9794,3.9868,1711,,,,,,,,,,,,,,
V2_soft_physics,S2,5,1,600,7.3,8.185,1.5923,0.9817,3.5787,429,7.4413,0.0787,0.9816,3.6619,1711,,,,,,,,,,,,,,
V3_hard_arch,S2,5,1,600,2.2,31.6922,-20.0861,0.726,16.9891,429,29.2213,-12.6418,0.7165,17.4074,1711,60.0,60.0,44.31,44.31,48.36,56000000.0,320000000.0,0.0006493877153843,0.0040406319312751,0.0001807297230698,0.0046900196466594,44.30829682028923,30.703915018460414,93.6593461523901
V4_neural_forcing,S2,5,1,600,4.4,10.6139,6.3597,0.9693,5.2768,429,8.0606,-0.6351,0.9784,3.9827,1711,0.0,0.0,145.13,138.69,125.36,35000000.0,200000000.0,0.0011030654422938,0.0066834390163421,0.0007887650863267,0.0077865044586359,139.58475257341232,58.26111681737404,55.626839211410925
V4F_fixed_Qint,S2,5,1,600,2.3,22.9831,-12.7431,0.8559,12.2837,429,20.2178,-10.1551,0.8643,12.3189,1711,0.0,0.0,146.4,104.75,33.46,35000000.0,200000000.0,0.0011088217142969,0.0057328972034156,0.0002328938862774,0.0068417189177125,110.5144282373077,52.49731771958523,50.28303473072492
V5_wrong_constraints,S2,5,1,600,2.8,299.0844,200.8036,-23.4043,135.6569,429,351.1125,265.9113,-39.924,193.643,1711,60.0,60.0,226.92,226.92,93.43,14000000.0,320000000.0,0.0014711478725075,0.0091538168489933,2.2993877792032436e-05,0.010624964721500799,226.92199143079384,69.41166314253012,1422.144299302477
V1_blackbox,S2,10,1,600,2.0,16.6192,9.6015,0.9275,8.3024,429,12.1738,0.0153,0.952,6.1129,1711,,,,,,,,,,,,,,
V2_soft_physics,S2,10,1,600,2.8,14.1583,2.7376,0.9474,6.1762,429,11.9731,0.0955,0.9535,5.9181,1711,,,,,,,,,,,,,,
V3_hard_arch,S2,10,1,600,2.2,33.2162,-20.6237,0.7104,17.7751,429,31.0477,-12.7292,0.6876,18.5715,1711,60.0,60.0,46.48,46.48,48.34,56000000.0,320000000.0,0.0006591656128875,0.0041014710441231,0.0001808080414775,0.0047606366570106,46.481127908018465,31.731820045245605,93.57546110224
V4_neural_forcing,S2,10,1,600,4.4,14.7727,5.3644,0.9427,6.8518,429,12.485,-0.6939,0.9495,6.1535,1711,0.0,0.0,146.34,140.56,125.33,35000000.0,200000000.0,0.0011085354490205,0.0067356112413108,0.0007886466337367,0.0078441466903313,141.3583597025016,58.56783244497517,55.62017448275166
V4F_fixed_Qint,S2,10,1,600,2.3,25.1212,-13.3099,0.8344,13.4246,429,22.5371,-10.2432,0.8354,13.6059,1711,0.0,0.0,150.12,108.66,33.36,35000000.0,200000000.0,0.0011255608405917,0.0058424826711416,0.000233234008192,0.0069680435117333,114.40133882256309,53.358500208452874,50.063879068560766
V5_wrong_constraints,S2,10,1,600,2.8,297.0758,199.4331,-22.1637,135.2095,429,351.9151,266.3168,-39.1312,193.7485,1711,60.0,60.0,226.92,226.92,93.43,14000000.0,320000000.0,0.0014711556723341,0.0091538652777671,2.2993872335064225e-05,0.0106250209501012,226.92372154157542,69.41182501885753,1422.1446605418948
V1_blackbox,S3,0,1,600,2.0,10.4572,8.5756,0.97,5.4984,429,5.732,-0.0062,0.9889,2.8275,1711,,,,,,,,,,,,,,
V2_soft_physics,S3,0,1,600,2.8,5.4274,1.5511,0.9919,2.5607,429,5.2867,0.0897,0.9906,2.5232,1711,,,,,,,,,,,,,,
V3_hard_arch,S3,0,1,600,2.2,31.1183,-20.5256,0.7344,16.7537,429,28.9475,-12.7337,0.7172,17.1115,1711,60.0,60.0,46.1,46.1,48.19,56000000.0,320000000.0,0.0006574392318725,0.0040907324291765,0.0001813270791899,0.004748171661048999,46.09758957073844,31.552601043029956,93.02136314314774
V4_neural_forcing,S3,0,1,600,4.4,8.2866,5.7932,0.9812,4.2435,429,6.0782,-0.6359,0.9875,2.9643,1711,0.0,0.0,146.65,141.09,126.41,35000000.0,200000000.0,0.0011099368566647,0.0067504029721021,0.0007924469537101,0.007860339828766801,141.8566101159016,58.65318712931666,55.83300581050121
V4F_fixed_Qint,S3,0,1,600,2.3,22.0334,-13.1924,0.8669,11.626,429,19.6114,-10.2463,0.8702,11.9567,1711,0.0,0.0,149.54,107.96,33.12,35000000.0,200000000.0,0.0011229191441088,0.005822904407978,0.0002340806095162,0.0069458235520868,113.71764775651694,53.2092922368641,49.521141765387256
V5_wrong_constraints,S3,0,1,600,4.0,298.0224,200.0788,-23.3598,135.5973,429,352.2285,266.7043,-40.8663,193.8209,1711,60.0,60.0,226.92,226.92,93.43,14000000.0,320000000.0,0.0014711513649672,0.0091538373380899,2.2993872335064225e-05,0.0106249887030571,226.92272932483388,69.41173218316095,1422.1446605418948
V1_blackbox,S3,5,1,600,5.2,13.4437,10.2197,0.9507,6.9889,429,7.8829,0.0102,0.9794,3.9868,1711,,,,,,,,,,,,,,
V2_soft_physics,S3,5,1,600,7.3,8.185,1.5923,0.9817,3.5787,429,7.4413,0.0787,0.9816,3.6619,1711,,,,,,,,,,,,,,
V3_hard_arch,S3,5,1,600,2.2,31.6922,-20.0861,0.726,16.9891,429,29.2213,-12.6418,0.7165,17.4074,1711,60.0,60.0,44.31,44.31,48.36,56000000.0,320000000.0,0.0006493877153843,0.0040406319312751,0.0001807297230698,0.0046900196466594,44.30829682028923,30.703915018460414,93.6593461523901
V4_neural_forcing,S3,5,1,600,4.5,10.6121,6.3561,0.9693,5.2742,429,8.0597,-0.6362,0.9784,3.9824,1711,0.0,0.0,145.14,138.7,125.36,35000000.0,200000000.0,0.0011031121248379,0.0066835642792284,0.0007887628162279,0.007786676404066301,139.59004320204005,58.262038495617865,55.626711503236834
V4F_fixed_Qint,S3,5,1,600,2.3,22.9831,-12.7431,0.8559,12.2837,429,20.2178,-10.1551,0.8643,12.3189,1711,0.0,0.0,146.4,104.75,33.46,35000000.0,200000000.0,0.0011088217142969,0.0057328972034156,0.0002328938862774,0.0068417189177125,110.5144282373077,52.49731771958523,50.28303473072492
V5_wrong_constraints,S3,5,1,600,2.8,299.0844,200.8036,-23.4043,135.6569,429,351.1125,265.9113,-39.924,193.643,1711,60.0,60.0,226.92,226.92,93.43,14000000.0,320000000.0,0.0014711478725075,0.0091538168489933,2.2993877792032436e-05,0.010624964721500799,226.92199143079384,69.41166314253012,1422.144299302477
V1_blackbox,S3,10,1,600,2.0,16.6192,9.6015,0.9275,8.3024,429,12.1738,0.0153,0.952,6.1129,1711,,,,,,,,,,,,,,
V2_soft_physics,S3,10,1,600,2.8,14.1583,2.7376,0.9474,6.1762,429,11.9731,0.0955,0.9535,5.9181,1711,,,,,,,,,,,,,,
V3_hard_arch,S3,10,1,600,2.1,33.2162,-20.6237,0.7104,17.7751,429,31.0477,-12.7292,0.6876,18.5715,1711,60.0,60.0,46.48,46.48,48.34,56000000.0,320000000.0,0.0006591656128875,0.0041014710441231,0.0001808080414775,0.0047606366570106,46.481127908018465,31.731820045245605,93.57546110224
V4_neural_forcing,S3,10,1,600,4.4,14.7954,5.3811,0.9425,6.862,429,12.492,-0.6961,0.9494,6.1557,1711,0.0,0.0,146.45,140.69,125.44,35000000.0,200000000.0,0.0011090399930253,0.0067392918281257,0.0007890292908996,0.007848331821151,141.4871329584923,58.589926189902485,55.64169745828412
V4F_fixed_Qint,S3,10,1,600,2.3,25.1212,-13.3099,0.8344,13.4246,429,22.5371,-10.2432,0.8354,13.6059,1711,0.0,0.0,150.12,108.66,33.36,35000000.0,200000000.0,0.0011255608405917,0.0058424826711416,0.000233234008192,0.0069680435117333,114.40133882256309,53.358500208452874,50.063879068560766
V5_wrong_constraints,S3,10,1,600,2.8,297.0758,199.4331,-22.1637,135.2095,429,351.9151,266.3168,-39.1312,193.7485,1711,60.0,60.0,226.92,226.92,93.43,14000000.0,320000000.0,0.0014711556723341,0.0091538652777671,2.2993872335064225e-05,0.0106250209501012,226.92372154157542,69.41182501885753,1422.1446605418948
V1_blackbox,S1,0,2,600,2.0,8.7756,5.9275,0.9789,4.543,429,5.5274,-0.0048,0.9897,2.7029,1711,,,,,,,,,,,,,,
V2_soft_physics,S1,0,2,600,2.8,5.3079,1.6809,0.9923,2.4913,429,5.2716,0.0977,0.9906,2.5279,1711,,,,,,,,,,,,,,
V3_hard_arch,S1,0,2,600,2.2,31.1183,-20.5256,0.7344,16.7537,429,28.9475,-12.7337,0.7172,17.1115,1711,60.0,60.0,46.1,46.1,48.19,56000000.0,320000000.0,0.0006574392318725,0.0040907324291765,0.0001813270791899,0.004748171661048999,46.09758957073844,31.552601043029956,93.02136314314774
V4_neural_forcing,S1,0,2,600,3.2,7.5048,4.924,0.9846,3.8075,429,5.9714,-0.6711,0.988,2.8885,1711,0.0,0.0,145.18,139.55,128.51,35000000.0,200000000.0,0.001103316899389,0.0067074289545416,0.0007998016080819,0.0078107458539306,140.33064165940308,58.39065742531485,56.23914775073072
V4F_fixed_Qint,S1,0,2,600,2.3,22.0334,-13.1924,0.8669,11.626,429,19.6114,-10.2463,0.8702,11.9567,1711,0.0,0.0,149.54,107.96,33.12,35000000.0,200000000.0,0.0011229191441088,0.005822904407978,0.0002340806095162,0.0069458235520868,113.71764775651694,53.2092922368641,49.521141765387256
V5_wrong_constraints,S1,0,2,600,2.8,298.0367,200.0835,-23.3621,135.602,429,352.2457,266.71,-40.8704,193.828,1711,60.0,60.0,226.9,226.9,93.43,14000000.0,320000000.0,0.0014710307586938,0.0091530894860625,2.2992759113549255e-05,0.010624120244756301,226.89600753096312,69.40923177517604,1422.218356968524
V1_blackbox,S1,5,2,600,2.0,11.0106,7.5397,0.9668,5.6432,429,7.9963,0.0093,0.9785,4.0127,1711,,,,,,,,,,,,,,
V2_soft_physics,S1,5,2,600,7.0,7.3949,1.8932,0.985,3.3446,429,7.758,0.0801,0.9797,3.8072,1711,,,,,,,,,,,,,,
V3_hard_arch,S1,5,2,600,2.2,31.7626,-20.9344,0.7233,17.238,429,29.6209,-12.8378,0.7047,17.583,1711,60.0,60.0,47.53,47.53,47.93,56000000.0,320000000.0,0.0006638901541009,0.0041308677755296,0.0001822411140892,0.0047947579296304995,47.531013219399995,32.217641689150796,92.05325963310807
V4_neural_forcing,S1,5,2,600,3.2,9.2026,5.0944,0.9768,4.502,429,8.2838,-0.634,0.9769,4.0628,1711,0.0,0.0,146.78,141.77,129.76,35000000.0,200000000.0,0.0011105013545602,0.0067695453763008,0.0008041691035032,0.007880046730861,142.46297633418465,58.75658976396838,56.47681582452052
V4F_fixed_Qint,S1,5,2,600,2.3,22.7149,-13.6036,0.8585,12.078,429,20.5903,-10.3498,0.8573,12.4427,1711,0.0,0.0,152.06,110.53,32.63,35000000.0,200000000.0,0.001134282327257,0.005894863512367,0.0002357840421609,0.007029145839623999,116.28141044996923,53.76394125045145,48.44091940758168
V5_wrong_constraints,S1,5,2,600,2.8,297.5625,199.5897,-23.2815,135.5116,429,353.6354,267.6477,-41.0877,194.0149,1711,60.0,60.0,226.9,226.9,93.43,14000000.0,320000000.0,0.0014710311079397,0.0091530922800302,2.299275729455985e-05,0.0106241233879699,226.89610424522772,69.40924082564686,1422.2184773933614
V1_blackbox,S1,10,2,600,2.0,15.2259,8.2737,0.9387,7.2709,429,12.4798,0.0277,0.9497,6.1385,1711,,,,,,,,,,,,,,
V2_soft_physics,S1,10,2,600,2.8,12.5177,0.1926,0.9586,5.299,429,12.2035,0.1086,0.9519,5.923,1711,,,,,,,,,,,,,,
V3_hard_arch,S1,10,2,600,2.2,32.7948,-20.6403,0.7157,17.6416,429,31.0698,-12.6805,0.6882,18.5398,1711,60.0,60.0,46.6,46.6,48.33,56000000.0,320000000.0,0.0006596880848519,0.004104723688215,0.0001808550441637,0.0047644117730669,46.597285325135395,31.785912830369355,93.52515248797778
V4_neural_forcing,S1,10,2,600,3.2,13.5246,4.9869,0.9516,6.2506,429,12.8616,-0.6629,0.9466,6.2078,1711,0.0,0.0,146.7,141.52,128.21,35000000.0,200000000.0,0.0011101599084213,0.006762571632862,0.0007987470598891,0.0078727315412833,142.23789357794772,58.71826718645824,56.18137235477339
V4F_fixed_Qint,S1,10,2,600,2.3,24.6103,-13.3237,0.8399,13.226,429,22.6548,-10.1898,0.8342,13.7131,1711,0.0,0.0,150.31,108.9,33.34,35000000.0,200000000.0,0.0011263826163485,0.0058490680530667,0.0002332993899472,0.0069754506694152,114.62925136662155,53.40802832639815,50.02182392299076
V5_wrong_constraints,S1,10,2,600,2.8,297.1953,199.4411,-22.3493,135.5305,429,352.2315,266.6113,-39.0772,193.7514,1711,60.0,60.0,226.9,226.9,93.43,14000000.0,320000000.0,0.0014710357645526,0.0091531202197074,2.299276093253866e-05,0.01062415598426,226.89710720800002,69.40933468206819,1422.2182365437054
V1_blackbox,S2,0,2,600,2.0,8.7756,5.9275,0.9789,4.543,429,5.5274,-0.0048,0.9897,2.7029,1711,,,,,,,,,,,,,,
V2_soft_physics,S2,0,2,600,2.8,5.3079,1.6809,0.9923,2.4913,429,5.2716,0.0977,0.9906,2.5279,1711,,,,,,,,,,,,,,
V3_hard_arch,S2,0,2,600,2.1,31.1183,-20.5256,0.7344,16.7537,429,28.9475,-12.7337,0.7172,17.1115,1711,60.0,60.0,46.1,46.1,48.19,56000000.0,320000000.0,0.0006574392318725,0.0040907324291765,0.0001813270791899,0.004748171661048999,46.09758957073844,31.552601043029956,93.02136314314774
V4_neural_forcing,S2,0,2,600,4.4,7.5116,4.9272,0.9845,3.8127,429,5.9709,-0.6609,0.988,2.8877,1711,0.0,0.0,145.24,139.64,128.58,35000000.0,200000000.0,0.0011035653296858,0.0067097973078489,0.0008000206435099,0.0078133626375347,140.4111580779908,58.40459286521159,56.25112891281676
V4F_fixed_Qint,S2,0,2,600,2.4,22.0334,-13.1924,0.8669,11.626,429,19.6114,-10.2463,0.8702,11.9567,1711,0.0,0.0,149.54,107.96,33.12,35000000.0,200000000.0,0.0011229191441088,0.005822904407978,0.0002340806095162,0.0069458235520868,113.71764775651694,53.2092922368641,49.521141765387256
V5_wrong_constraints,S2,0,2,600,2.8,298.0367,200.0835,-23.3621,135.602,429,352.2457,266.71,-40.8704,193.828,1711,60.0,60.0,226.9,226.9,93.43,14000000.0,320000000.0,0.0014710307586938,0.0091530894860625,2.2992759113549255e-05,0.010624120244756301,226.89600753096312,69.40923177517604,1422.218356968524
V1_blackbox,S2,5,2,600,2.0,11.0106,7.5397,0.9668,5.6432,429,7.9963,0.0093,0.9785,4.0127,1711,,,,,,,,,,,,,,
V2_soft_physics,S2,5,2,600,2.8,7.3949,1.8932,0.985,3.3446,429,7.758,0.0801,0.9797,3.8072,1711,,,,,,,,,,,,,,
V3_hard_arch,S2,5,2,600,2.2,31.7626,-20.9344,0.7233,17.238,429,29.6209,-12.8378,0.7047,17.583,1711,60.0,60.0,47.53,47.53,47.93,56000000.0,320000000.0,0.0006638901541009,0.0041308677755296,0.0001822411140892,0.0047947579296304995,47.531013219399995,32.217641689150796,92.05325963310807
V4_neural_forcing,S2,5,2,600,4.4,9.1993,5.0934,0.9768,4.5027,429,8.2826,-0.6284,0.9769,4.0619,1711,0.0,0.0,146.84,141.87,129.84,35000000.0,200000000.0,0.001110789598897,0.0067723034881055,0.0008044416899792,0.0078830930870025,142.5567103693077,58.77252793882973,56.4915637317293
V4F_fixed_Qint,S2,5,2,600,2.3,22.7149,-13.6036,0.8585,12.078,429,20.5903,-10.3498,0.8573,12.4427,1711,0.0,0.0,152.06,110.53,32.63,35000000.0,200000000.0,0.001134282327257,0.005894863512367,0.0002357840421609,0.007029145839623999,116.28141044996923,53.76394125045145,48.44091940758168
V5_wrong_constraints,S2,5,2,600,2.8,297.5625,199.5897,-23.2815,135.5116,429,353.6354,267.6477,-41.0877,194.0149,1711,60.0,60.0,226.9,226.9,93.43,14000000.0,320000000.0,0.0014710311079397,0.0091530922800302,2.299275729455985e-05,0.0106241233879699,226.89610424522772,69.40924082564686,1422.2184773933614
V1_blackbox,S2,10,2,600,2.0,15.2259,8.2737,0.9387,7.2709,429,12.4798,0.0277,0.9497,6.1385,1711,,,,,,,,,,,,,,
V2_soft_physics,S2,10,2,600,2.8,12.5177,0.1926,0.9586,5.299,429,12.2035,0.1086,0.9519,5.923,1711,,,,,,,,,,,,,,
V3_hard_arch,S2,10,2,600,2.3,32.7948,-20.6403,0.7157,17.6416,429,31.0698,-12.6805,0.6882,18.5398,1711,60.0,60.0,46.6,46.6,48.33,56000000.0,320000000.0,0.0006596880848519,0.004104723688215,0.0001808550441637,0.0047644117730669,46.597285325135395,31.785912830369355,93.52515248797778
V4_neural_forcing,S2,10,2,600,4.4,13.5375,4.9974,0.9516,6.254,429,12.8607,-0.6575,0.9466,6.2091,1711,0.0,0.0,146.74,141.57,128.26,35000000.0,200000000.0,0.0011103076394647,0.0067640105262398,0.00079889933113,0.0078743181657045,142.28671279090773,58.7265851898781,56.189724241608275
V4F_fixed_Qint,S2,10,2,600,2.3,24.6103,-13.3237,0.8399,13.226,429,22.6548,-10.1898,0.8342,13.7131,1711,0.0,0.0,150.31,108.9,33.34,35000000.0,200000000.0,0.0011263826163485,0.0058490680530667,0.0002332993899472,0.0069754506694152,114.62925136662155,53.40802832639815,50.02182392299076
V5_wrong_constraints,S2,10,2,600,2.8,297.1953,199.4411,-22.3493,135.5305,429,352.2315,266.6113,-39.0772,193.7514,1711,60.0,60.0,226.9,226.9,93.43,14000000.0,320000000.0,0.0014710357645526,0.0091531202197074,2.299276093253866e-05,0.01062415598426,226.89710720800002,69.40933468206819,1422.2182365437054
V1_blackbox,S3,0,2,600,2.0,8.7756,5.9275,0.9789,4.543,429,5.5274,-0.0048,0.9897,2.7029,1711,,,,,,,,,,,,,,
V2_soft_physics,S3,0,2,600,2.8,5.3079,1.6809,0.9923,2.4913,429,5.2716,0.0977,0.9906,2.5279,1711,,,,,,,,,,,,,,
V3_hard_arch,S3,0,2,600,2.1,31.1183,-20.5256,0.7344,16.7537,429,28.9475,-12.7337,0.7172,17.1115,1711,60.0,60.0,46.1,46.1,48.19,56000000.0,320000000.0,0.0006574392318725,0.0040907324291765,0.0001813270791899,0.004748171661048999,46.09758957073844,31.552601043029956,93.02136314314774
V4_neural_forcing,S3,0,2,600,4.4,7.5096,4.9316,0.9845,3.8103,429,5.9727,-0.6671,0.988,2.8892,1711,0.0,0.0,145.28,139.68,128.59,35000000.0,200000000.0,0.0011037418153136,0.0067109777592122,0.0008000620291568,0.0078147195745258,140.45290998540924,58.41181543360483,56.253391956512246
V4F_fixed_Qint,S3,0,2,600,2.3,22.0334,-13.1924,0.8669,11.626,429,19.6114,-10.2463,0.8702,11.9567,1711,0.0,0.0,149.54,107.96,33.12,35000000.0,200000000.0,0.0011229191441088,0.005822904407978,0.0002340806095162,0.0069458235520868,113.71764775651694,53.2092922368641,49.521141765387256
V5_wrong_constraints,S3,0,2,600,2.8,298.0367,200.0835,-23.3621,135.602,429,352.2457,266.71,-40.8704,193.828,1711,60.0,60.0,226.9,226.9,93.43,14000000.0,320000000.0,0.0014710307586938,0.0091530894860625,2.2992759113549255e-05,0.010624120244756301,226.89600753096312,69.40923177517604,1422.218356968524
V1_blackbox,S3,5,2,600,2.0,11.0106,7.5397,0.9668,5.6432,429,7.9963,0.0093,0.9785,4.0127,1711,,,,,,,,,,,,,,
V2_soft_physics,S3,5,2,600,2.7,7.3949,1.8932,0.985,3.3446,429,7.758,0.0801,0.9797,3.8072,1711,,,,,,,,,,,,,,
V3_hard_arch,S3,5,2,600,2.0,31.7626,-20.9344,0.7233,17.238,429,29.6209,-12.8378,0.7047,17.583,1711,60.0,60.0,47.53,47.53,47.93,56000000.0,320000000.0,0.0006638901541009,0.0041308677755296,0.0001822411140892,0.0047947579296304995,47.531013219399995,32.217641689150796,92.05325963310807
V4_neural_forcing,S3,5,2,600,4.2,9.1904,5.1123,0.9768,4.505,429,8.2803,-0.6312,0.9769,4.0606,1711,0.0,0.0,146.84,141.86,129.82,35000000.0,200000000.0,0.0011107692262157,0.006772088818252,0.0008043693960644,0.0078828580444677,142.54947829131385,58.77129866266087,56.48765334528242
V4F_fixed_Qint,S3,5,2,600,2.2,22.7149,-13.6036,0.8585,12.078,429,20.5903,-10.3498,0.8573,12.4427,1711,0.0,0.0,152.06,110.53,32.63,35000000.0,200000000.0,0.001134282327257,0.005894863512367,0.0002357840421609,0.007029145839623999,116.28141044996923,53.76394125045145,48.44091940758168
V5_wrong_constraints,S3,5,2,600,2.8,297.5625,199.5897,-23.2815,135.5116,429,353.6354,267.6477,-41.0877,194.0149,1711,60.0,60.0,226.9,226.9,93.43,14000000.0,320000000.0,0.0014710311079397,0.0091530922800302,2.299275729455985e-05,0.0106241233879699,226.89610424522772,69.40924082564686,1422.2184773933614
V1_blackbox,S3,10,2,600,2.0,15.2259,8.2737,0.9387,7.2709,429,12.4798,0.0277,0.9497,6.1385,1711,,,,,,,,,,,,,,
V2_soft_physics,S3,10,2,600,2.8,12.5177,0.1926,0.9586,5.299,429,12.2035,0.1086,0.9519,5.923,1711,,,,,,,,,,,,,,
V3_hard_arch,S3,10,2,600,2.2,32.7948,-20.6403,0.7157,17.6416,429,31.0698,-12.6805,0.6882,18.5398,1711,60.0,60.0,46.6,46.6,48.33,56000000.0,320000000.0,0.0006596880848519,0.004104723688215,0.0001808550441637,0.0047644117730669,46.597285325135395,31.785912830369355,93.52515248797778
V4_neural_forcing,S3,10,2,600,4.4,13.5252,5.0052,0.9516,6.2514,429,12.8584,-0.6579,0.9466,6.2074,1711,0.0,0.0,146.79,141.64,128.28,35000000.0,200000000.0,0.0011105586308985,0.0067660133354365,0.0007989811711013,0.007876571966335,142.35606050261543,58.73839515603082,56.194211746245934
V4F_fixed_Qint,S3,10,2,600,2.3,24.6103,-13.3237,0.8399,13.226,429,22.6548,-10.1898,0.8342,13.7131,1711,0.0,0.0,150.31,108.9,33.34,35000000.0,200000000.0,0.0011263826163485,0.0058490680530667,0.0002332993899472,0.0069754506694152,114.62925136662155,53.40802832639815,50.02182392299076
V5_wrong_constraints,S3,10,2,600,2.8,297.1953,199.4411,-22.3493,135.5305,429,352.2315,266.6113,-39.0772,193.7514,1711,60.0,60.0,226.9,226.9,93.43,14000000.0,320000000.0,0.0014710357645526,0.0091531202197074,2.299276093253866e-05,0.01062415598426,226.89710720800002,69.40933468206819,1422.2182365437054
V1_blackbox,S1,0,3,600,2.0,8.8445,5.9578,0.9785,4.4735,429,5.4233,0.0019,0.9901,2.6357,1711,,,,,,,,,,,,,,
V2_soft_physics,S1,0,3,600,2.8,5.3389,1.7783,0.9922,2.4848,429,5.2918,0.1101,0.9906,2.5368,1711,,,,,,,,,,,,,,
V3_hard_arch,S1,0,3,600,2.2,31.1183,-20.5256,0.7344,16.7537,429,28.9475,-12.7337,0.7172,17.1115,1711,60.0,60.0,46.1,46.1,48.19,56000000.0,320000000.0,0.0006574392318725,0.0040907324291765,0.0001813270791899,0.004748171661048999,46.09758957073844,31.552601043029956,93.02136314314774
V4_neural_forcing,S1,0,3,600,3.2,7.1817,4.6183,0.9859,3.507,429,6.029,-0.6767,0.9877,2.9287,1711,0.0,0.0,145.76,141.03,129.59,35000000.0,200000000.0,0.0011059279786422,0.0067488509230315,0.0008035596692934,0.0078547789016737,141.68550466688313,58.62391493530789,56.443807053212616
V4F_fixed_Qint,S1,0,3,600,2.3,22.0334,-13.1924,0.8669,11.626,429,19.6114,-10.2463,0.8702,11.9567,1711,0.0,0.0,149.54,107.96,33.12,35000000.0,200000000.0,0.0011229191441088,0.005822904407978,0.0002340806095162,0.0069458235520868,113.71764775651694,53.2092922368641,49.521141765387256
V5_wrong_constraints,S1,0,3,600,2.8,298.0397,200.0846,-23.3626,135.6032,429,352.2491,266.7099,-40.8712,193.8296,1711,60.0,60.0,226.91,226.91,93.43,14000000.0,320000000.0,0.0014710810501128,0.0091534005478024,2.2992548110778444e-05,0.0106244815979152,226.90712608969847,69.41027220906726,1422.2323263767667
V1_blackbox,S1,5,3,600,2.0,12.0175,7.6361,0.9608,5.8963,429,7.4661,0.0112,0.9814,3.7809,1711,,,,,,,,,,,,,,
V2_soft_physics,S1,5,3,600,2.8,8.0828,2.344,0.9823,3.6255,429,7.2886,0.1053,0.9822,3.6792,1711,,,,,,,,,,,,,,
V3_hard_arch,S1,5,3,600,2.2,31.5833,-20.3045,0.7293,16.9181,429,29.612,-12.7511,0.7066,17.5776,1711,60.0,60.0,47.11,47.11,48.24,56000000.0,320000000.0,0.0006619754130952,0.0041189570911228,0.0001811600814107,0.004780932504218,47.10561551439999,32.02162973159163,93.19929494099227
V4_neural_forcing,S1,5,3,600,3.2,9.2503,4.9011,0.9768,4.4453,429,7.9981,-0.7943,0.9786,3.9531,1711,0.0,0.0,144.74,139.75,127.87,35000000.0,200000000.0,0.0011013228213414,0.0067128869704902,0.0007975613116286,0.0078142097918316,140.43722436404923,58.40910230747437,56.11622643965656
V4F_fixed_Qint,S1,5,3,600,2.3,22.6011,-12.9467,0.8614,11.9229,429,20.3772,-10.2638,0.8611,12.4165,1711,0.0,0.0,151.21,109.78,33.17,35000000.0,200000000.0,0.0011304358486086,0.0058739441446959,0.000233891303651,0.0070043799933045,115.51938440936924,53.60046138121174,49.64216049787431
V5_wrong_constraints,S1,5,3,600,2.8,299.5926,201.071,-23.3588,135.7546,429,352.4271,266.7842,-40.5547,193.908,1711,60.0,60.0,226.91,226.91,93.43,14000000.0,320000000.0,0.0014710862888023,0.0091534350067377,2.2992548110778444e-05,0.01062452129554,226.90834755507697,69.41038650499672,1422.2323263767667
V1_blackbox,S1,10,3,600,2.0,15.2271,6.904,0.9376,6.997,429,11.7196,0.0115,0.9559,5.888,1711,,,,,,,,,,,,,,
V2_soft_physics,S1,10,3,600,2.8,12.7622,0.5072,0.9562,5.3609,429,11.6094,0.1565,0.9567,5.7284,1711,,,,,,,,,,,,,,
V3_hard_arch,S1,10,3,600,2.2,32.5488,-20.2885,0.7148,17.5905,429,30.9125,-12.6833,0.6933,18.3117,1711,60.0,60.0,44.67,44.67,47.91,56000000.0,320000000.0,0.0006510160164907,0.0040507656522095,0.0001823153870645,0.004701781668700201,44.670205190775405,30.877266768142874,91.97501957208695
V4_neural_forcing,S1,10,3,600,3.2,13.8785,3.9534,0.9482,5.9738,429,11.9264,-0.5965,0.9544,5.8939,1711,0.0,0.0,144.23,138.89,130.72,35000000.0,200000000.0,0.0010990529553964,0.0066888076253235,0.0008075063233263,0.0077878605807199,139.62647940676618,58.268384926588226,56.656686159648714
V4F_fixed_Qint,S1,10,3,600,2.3,24.7169,-12.9177,0.8356,13.2087,429,22.236,-10.1899,0.8413,13.522,1711,0.0,0.0,147.2,105.38,32.68,35000000.0,200000000.0,0.0011124153388664,0.0057505695149302,0.000235610816162,0.0068629848537966,111.1687647322031,52.64451154657435,48.550056275578164
V5_wrong_constraints,S1,10,3,600,2.8,300.1259,201.3058,-23.2452,135.8562,429,353.2964,267.4627,-39.0582,193.9804,1711,60.0,60.0,226.9,226.9,93.43,14000000.0,320000000.0,0.0014710697578266,0.0091533306986093,2.2992548110778444e-05,0.0106244004564359,226.90462942879694,69.41003858687141,1422.2323263767667
V1_blackbox,S2,0,3,600,2.0,8.8445,5.9578,0.9785,4.4735,429,5.4233,0.0019,0.9901,2.6357,1711,,,,,,,,,,,,,,
V2_soft_physics,S2,0,3,600,3.9,5.3389,1.7783,0.9922,2.4848,429,5.2918,0.1101,0.9906,2.5368,1711,,,,,,,,,,,,,,
V3_hard_arch,S2,0,3,600,2.2,31.1183,-20.5256,0.7344,16.7537,429,28.9475,-12.7337,0.7172,17.1115,1711,60.0,60.0,46.1,46.1,48.19,56000000.0,320000000.0,0.0006574392318725,0.0040907324291765,0.0001813270791899,0.004748171661048999,46.09758957073844,31.552601043029956,93.02136314314774
V4_neural_forcing,S2,0,3,600,4.4,7.1853,4.6191,0.9858,3.5115,429,6.0276,-0.6728,0.9877,2.9262,1711,0.0,0.0,145.85,141.15,129.66,35000000.0,200000000.0,0.0011063198326155,0.0067520686425268,0.0008038174128159,0.0078583884751423,141.79656846591692,58.642920106578856,56.45777331771223
V4F_fixed_Qint,S2,0,3,600,2.3,22.0334,-13.1924,0.8669,11.626,429,19.6114,-10.2463,0.8702,11.9567,1711,0.0,0.0,149.54,107.96,33.12,35000000.0,200000000.0,0.0011229191441088,0.005822904407978,0.0002340806095162,0.0069458235520868,113.71764775651694,53.2092922368641,49.521141765387256
V5_wrong_constraints,S2,0,3,600,2.8,298.0397,200.0846,-23.3626,135.6032,429,352.2491,266.7099,-40.8712,193.8296,1711,60.0,60.0,226.91,226.91,93.43,14000000.0,320000000.0,0.0014710810501128,0.0091534005478024,2.2992548110778444e-05,0.0106244815979152,226.90712608969847,69.41027220906726,1422.2323263767667
V1_blackbox,S2,5,3,600,2.0,12.0175,7.6361,0.9608,5.8963,429,7.4661,0.0112,0.9814,3.7809,1711,,,,,,,,,,,,,,
V2_soft_physics,S2,5,3,600,2.8,8.0828,2.344,0.9823,3.6255,429,7.2886,0.1053,0.9822,3.6792,1711,,,,,,,,,,,,,,
V3_hard_arch,S2,5,3,600,2.2,31.5833,-20.3045,0.7293,16.9181,429,29.612,-12.7511,0.7066,17.5776,1711,60.0,60.0,47.11,47.11,48.24,56000000.0,320000000.0,0.0006619754130952,0.0041189570911228,0.0001811600814107,0.004780932504218,47.10561551439999,32.02162973159163,93.19929494099227
V4_neural_forcing,S2,5,3,600,4.4,9.2569,4.9106,0.9767,4.4473,429,8.0003,-0.7839,0.9786,3.9544,1711,0.0,0.0,144.85,139.89,127.96,35000000.0,200000000.0,0.0011018376098945,0.0067169098183512,0.0007978739449754,0.0078187474282457,140.57684394602157,58.43323972508463,56.13342155059454
V4F_fixed_Qint,S2,5,3,600,2.3,22.6011,-12.9467,0.8614,11.9229,429,20.3772,-10.2638,0.8611,12.4165,1711,0.0,0.0,151.21,109.78,33.17,35000000.0,200000000.0,0.0011304358486086,0.0058739441446959,0.000233891303651,0.0070043799933045,115.51938440936924,53.60046138121174,49.64216049787431
V5_wrong_constraints,S2,5,3,600,2.8,299.5926,201.071,-23.3588,135.7546,429,352.4271,266.7842,-40.5547,193.908,1711,60.0,60.0,226.91,226.91,93.43,14000000.0,320000000.0,0.0014710862888023,0.0091534350067377,2.2992548110778444e-05,0.01062452129554,226.90834755507697,69.41038650499672,1422.2323263767667
V1_blackbox,S2,10,3,600,2.0,15.2271,6.904,0.9376,6.997,429,11.7196,0.0115,0.9559,5.888,1711,,,,,,,,,,,,,,
V2_soft_physics,S2,10,3,600,2.8,12.7622,0.5072,0.9562,5.3609,429,11.6094,0.1565,0.9567,5.7284,1711,,,,,,,,,,,,,,
V3_hard_arch,S2,10,3,600,2.2,32.5488,-20.2885,0.7148,17.5905,429,30.9125,-12.6833,0.6933,18.3117,1711,60.0,60.0,44.67,44.67,47.91,56000000.0,320000000.0,0.0006510160164907,0.0040507656522095,0.0001823153870645,0.004701781668700201,44.670205190775405,30.877266768142874,91.97501957208695
V4_neural_forcing,S2,10,3,600,4.4,13.8919,3.9451,0.9481,5.9742,429,11.9262,-0.5855,0.9544,5.8955,1711,0.0,0.0,144.29,138.96,130.79,35000000.0,200000000.0,0.0010993183823302,0.0066909454762935,0.0008077609818428,0.0077902638586236994,139.70042641919076,58.281259030754114,56.67035077610196
V4F_fixed_Qint,S2,10,3,600,2.3,24.7169,-12.9177,0.8356,13.2087,429,22.236,-10.1899,0.8413,13.522,1711,0.0,0.0,147.2,105.38,32.68,35000000.0,200000000.0,0.0011124153388664,0.0057505695149302,0.000235610816162,0.0068629848537966,111.1687647322031,52.64451154657435,48.550056275578164
V5_wrong_constraints,S2,10,3,600,2.8,300.1259,201.3058,-23.2452,135.8562,429,353.2964,267.4627,-39.0582,193.9804,1711,60.0,60.0,226.9,226.9,93.43,14000000.0,320000000.0,0.0014710697578266,0.0091533306986093,2.2992548110778444e-05,0.0106244004564359,226.90462942879694,69.41003858687141,1422.2323263767667
V1_blackbox,S3,0,3,600,2.0,8.8445,5.9578,0.9785,4.4735,429,5.4233,0.0019,0.9901,2.6357,1711,,,,,,,,,,,,,,
V2_soft_physics,S3,0,3,600,2.8,5.3389,1.7783,0.9922,2.4848,429,5.2918,0.1101,0.9906,2.5368,1711,,,,,,,,,,,,,,
V3_hard_arch,S3,0,3,600,2.1,31.1183,-20.5256,0.7344,16.7537,429,28.9475,-12.7337,0.7172,17.1115,1711,60.0,60.0,46.1,46.1,48.19,56000000.0,320000000.0,0.0006574392318725,0.0040907324291765,0.0001813270791899,0.004748171661048999,46.09758957073844,31.552601043029956,93.02136314314774
V4_neural_forcing,S3,0,3,600,4.4,7.1763,4.6105,0.9859,3.506,429,6.0268,-0.6763,0.9877,2.9252,1711,0.0,0.0,145.85,141.15,129.66,35000000.0,200000000.0,0.0011063443962484,0.0067522260360419,0.0008037947700358,0.0078585704322903,141.80216714739387,58.643877687397385,56.456546739609735
V4F_fixed_Qint,S3,0,3,600,2.3,22.0334,-13.1924,0.8669,11.626,429,19.6114,-10.2463,0.8702,11.9567,1711,0.0,0.0,149.54,107.96,33.12,35000000.0,200000000.0,0.0011229191441088,0.005822904407978,0.0002340806095162,0.0069458235520868,113.71764775651694,53.2092922368641,49.521141765387256
V5_wrong_constraints,S3,0,3,600,2.8,298.0397,200.0846,-23.3626,135.6032,429,352.2491,266.7099,-40.8712,193.8296,1711,60.0,60.0,226.91,226.91,93.43,14000000.0,320000000.0,0.0014710810501128,0.0091534005478024,2.2992548110778444e-05,0.0106244815979152,226.90712608969847,69.41027220906726,1422.2323263767667
V1_blackbox,S3,5,3,600,2.0,12.0175,7.6361,0.9608,5.8963,429,7.4661,0.0112,0.9814,3.7809,1711,,,,,,,,,,,,,,
V2_soft_physics,S3,5,3,600,2.8,8.0828,2.344,0.9823,3.6255,429,7.2886,0.1053,0.9822,3.6792,1711,,,,,,,,,,,,,,
V3_hard_arch,S3,5,3,600,2.2,31.5833,-20.3045,0.7293,16.9181,429,29.612,-12.7511,0.7066,17.5776,1711,60.0,60.0,47.11,47.11,48.24,56000000.0,320000000.0,0.0006619754130952,0.0041189570911228,0.0001811600814107,0.004780932504218,47.10561551439999,32.02162973159163,93.19929494099227
V4_neural_forcing,S3,5,3,600,4.4,9.2668,4.9226,0.9767,4.4556,429,8.0012,-0.7857,0.9786,3.9559,1711,0.0,0.0,144.84,139.87,127.95,35000000.0,200000000.0,0.0011017590295523,0.0067163798958063,0.0007978127687238,0.007818138925358601,140.55812078026466,58.43000449303312,56.13005786309133
V4F_fixed_Qint,S3,5,3,600,2.3,22.6011,-12.9467,0.8614,11.9229,429,20.3772,-10.2638,0.8611,12.4165,1711,0.0,0.0,151.21,109.78,33.17,35000000.0,200000000.0,0.0011304358486086,0.0058739441446959,0.000233891303651,0.0070043799933045,115.51938440936924,53.60046138121174,49.64216049787431
V5_wrong_constraints,S3,5,3,600,2.8,299.5926,201.071,-23.3588,135.7546,429,352.4271,266.7842,-40.5547,193.908,1711,60.0,60.0,226.91,226.91,93.43,14000000.0,320000000.0,0.0014710862888023,0.0091534350067377,2.2992548110778444e-05,0.01062452129554,226.90834755507697,69.41038650499672,1422.2323263767667
V1_blackbox,S3,10,3,600,2.1,15.2271,6.904,0.9376,6.997,429,11.7196,0.0115,0.9559,5.888,1711,,,,,,,,,,,,,,
V2_soft_physics,S3,10,3,600,3.6,12.7622,0.5072,0.9562,5.3609,429,11.6094,0.1565,0.9567,5.7284,1711,,,,,,,,,,,,,,
V3_hard_arch,S3,10,3,600,1.9,32.5488,-20.2885,0.7148,17.5905,429,30.9125,-12.6833,0.6933,18.3117,1711,60.0,60.0,44.67,44.67,47.91,56000000.0,320000000.0,0.0006510160164907,0.0040507656522095,0.0001823153870645,0.004701781668700201,44.670205190775405,30.877266768142874,91.97501957208695
V4_neural_forcing,S3,10,3,600,4.1,13.883,3.9829,0.9481,5.9739,429,11.9284,-0.5914,0.9543,5.8938,1711,0.0,0.0,144.33,139.0,130.79,35000000.0,200000000.0,0.0010994668118655,0.006692056544125,0.0008077566162683,0.007791523355990501,139.73918018432312,58.2880028524686,56.67011659812318
V4F_fixed_Qint,S3,10,3,600,2.0,24.7169,-12.9177,0.8356,13.2087,429,22.236,-10.1899,0.8413,13.522,1711,0.0,0.0,147.2,105.38,32.68,35000000.0,200000000.0,0.0011124153388664,0.0057505695149302,0.000235610816162,0.0068629848537966,111.1687647322031,52.64451154657435,48.550056275578164
V5_wrong_constraints,S3,10,3,600,2.6,300.1259,201.3058,-23.2452,135.8562,429,353.2964,267.4627,-39.0582,193.9804,1711,60.0,60.0,226.9,226.9,93.43,14000000.0,320000000.0,0.0014710697578266,0.0091533306986093,2.2992548110778444e-05,0.0106244004564359,226.90462942879694,69.41003858687141,1422.2323263767667
V1_blackbox,S1,0,4,600,1.8,10.3105,8.4592,0.9708,5.4243,429,5.7303,0.0127,0.9889,2.8392,1711,,,,,,,,,,,,,,
V2_soft_physics,S1,0,4,600,2.5,5.2482,1.4962,0.9924,2.4395,429,5.267,0.0813,0.9906,2.5207,1711,,,,,,,,,,,,,,
V3_hard_arch,S1,0,4,600,2.0,31.1183,-20.5256,0.7344,16.7537,429,28.9475,-12.7337,0.7172,17.1115,1711,60.0,60.0,46.1,46.1,48.19,56000000.0,320000000.0,0.0006574392318725,0.0040907324291765,0.0001813270791899,0.004748171661048999,46.09758957073844,31.552601043029956,93.02136314314774
V4_neural_forcing,S1,0,4,600,3.6,7.5924,5.2076,0.9842,3.8293,429,6.1755,-0.687,0.9871,2.9939,1711,0.0,0.0,146.94,142.77,130.39,35000000.0,200000000.0,0.0011112178908661,0.0067974659614264,0.0008063666173256,0.0079086838522925,143.34411853207695,58.9059309905539,56.5954253958563
V4F_fixed_Qint,S1,0,4,600,2.2,22.0334,-13.1924,0.8669,11.626,429,19.6114,-10.2463,0.8702,11.9567,1711,0.0,0.0,149.54,107.96,33.12,35000000.0,200000000.0,0.0011229191441088,0.005822904407978,0.0002340806095162,0.0069458235520868,113.71764775651694,53.2092922368641,49.521141765387256
V5_wrong_constraints,S1,0,4,600,2.7,298.0521,200.0964,-23.3646,135.6093,429,352.2627,266.7268,-40.8744,193.8375,1711,60.0,60.0,226.87,226.87,93.43,14000000.0,320000000.0,0.0014709141105413,0.0091523630544543,2.299194056831766e-05,0.010623277164995601,226.87006661524927,69.40680404433988,1422.2725500703998
V1_blackbox,S1,5,4,600,2.2,12.4417,8.9725,0.9579,6.1818,429,7.8076,0.0154,0.9797,3.9287,1711,,,,,,,,,,,,,,
V2_soft_physics,S1,5,4,600,3.8,7.9858,1.5801,0.9827,3.5948,429,7.389,0.0487,0.9818,3.6482,1711,,,,,,,,,,,,,,
V3_hard_arch,S1,5,4,600,2.0,31.973,-20.6183,0.7221,17.2424,429,29.4196,-12.7108,0.7117,17.5026,1711,60.0,60.0,45.17,45.17,48.26,56000000.0,320000000.0,0.000653255265206,0.0040646907873451,0.0001810808607842,0.0047179460525510995,45.16757084772615,31.114091517798254,93.28381723185338
V4_neural_forcing,S1,5,4,600,4.9,9.5496,4.8882,0.9752,4.59,429,8.1932,-0.7524,0.9776,4.0159,1711,0.0,0.0,145.78,141.2,129.32,35000000.0,200000000.0,0.0011060091201215,0.006753594148904,0.0008026206633076,0.0078596032690255,141.83394673924616,58.649312328420336,56.39284957383855
V4F_fixed_Qint,S1,5,4,600,2.2,23.0167,-13.3093,0.856,12.2721,429,20.3167,-10.2265,0.8625,12.2933,1711,0.0,0.0,147.93,106.27,33.26,35000000.0,200000000.0,0.0011156748514622,0.0057755829766392,0.0002335909957764,0.0068912578281013995,112.03870240312,52.83879835772445,49.83454256731282
V5_wrong_constraints,S1,5,4,600,5.1,296.884,199.312,-22.9605,135.4756,429,351.6942,266.2767,-40.1978,193.8156,1711,60.0,60.0,226.87,226.87,93.43,14000000.0,320000000.0,0.0014709118986502,0.0091523481532931,2.2991944206296463e-05,0.0106232600519433,226.86954005979385,69.40675476163759,1422.2723092036326
V1_blackbox,S1,10,4,600,4.9,17.5646,11.2211,0.9165,8.3234,429,12.0845,0.0219,0.9524,6.0298,1711,,,,,,,,,,,,,,
V2_soft_physics,S1,10,4,600,6.6,13.5282,3.4658,0.9505,5.7316,429,11.796,0.0506,0.9547,5.8299,1711,,,,,,,,,,,,,,
V3_hard_arch,S1,10,4,600,2.1,32.9356,-19.7959,0.7065,17.6482,429,30.6269,-12.6909,0.6944,18.3953,1711,60.0,60.0,45.93,45.93,48.43,56000000.0,320000000.0,0.0006566905649378,0.0040860679000616,0.0001805001520551,0.004742758464999401,45.93102969228926,31.4744779017455,93.90565382635131
V4_neural_forcing,S1,10,4,600,3.2,14.255,6.3056,0.945,6.5628,429,12.5165,-0.8587,0.949,6.1307,1711,0.0,0.0,146.07,141.84,128.34,35000000.0,200000000.0,0.0011073229834437,0.0067715998739004,0.0007992009632289,0.0078789228573441,142.42839561058773,58.75070667850731,56.20625898823446
V4F_fixed_Qint,S1,10,4,600,2.2,25.2224,-12.4213,0.8279,13.467,429,22.4994,-10.2091,0.8351,13.5562,1711,0.0,0.0,149.13,107.65,33.52,35000000.0,200000000.0,0.0011210872326046,0.0058140708133578,0.0002326923713553,0.0069351580459624,113.38947833730461,53.13733330284914,50.413181988498444
V5_wrong_constraints,S1,10,4,600,2.8,301.392,202.195,-23.5788,136.1274,429,351.4423,266.013,-39.2374,193.8079,1711,60.0,60.0,226.87,226.87,93.43,14000000.0,320000000.0,0.0014709181850776,0.0091523882001638,2.2991942387307063e-05,0.0106233063852414,226.87096569973542,69.40688819334896,1422.2724296370066
V1_blackbox,S2,0,4,600,2.0,10.3105,8.4592,0.9708,5.4243,429,5.7303,0.0127,0.9889,2.8392,1711,,,,,,,,,,,,,,
V2_soft_physics,S2,0,4,600,2.8,5.2482,1.4962,0.9924,2.4395,429,5.267,0.0813,0.9906,2.5207,1711,,,,,,,,,,,,,,
V3_hard_arch,S2,0,4,600,2.1,31.1183,-20.5256,0.7344,16.7537,429,28.9475,-12.7337,0.7172,17.1115,1711,60.0,60.0,46.1,46.1,48.19,56000000.0,320000000.0,0.0006574392318725,0.0040907324291765,0.0001813270791899,0.004748171661048999,46.09758957073844,31.552601043029956,93.02136314314774
V4_neural_forcing,S2,0,4,600,4.4,7.6037,5.2217,0.9841,3.835,429,6.1782,-0.6796,0.9871,2.9954,1711,0.0,0.0,147.03,142.88,130.47,35000000.0,200000000.0,0.0011116154491901,0.0068006636574864,0.0008066415321081,0.0079122791066765,143.45474174389236,58.92460369278933,56.61021828552517
V4F_fixed_Qint,S2,0,4,600,2.3,22.0334,-13.1924,0.8669,11.626,429,19.6114,-10.2463,0.8702,11.9567,1711,0.0,0.0,149.54,107.96,33.12,35000000.0,200000000.0,0.0011229191441088,0.005822904407978,0.0002340806095162,0.0069458235520868,113.71764775651694,53.2092922368641,49.521141765387256
V5_wrong_constraints,S2,0,4,600,2.8,298.0521,200.0964,-23.3646,135.6093,429,352.2627,266.7268,-40.8744,193.8375,1711,60.0,60.0,226.87,226.87,93.43,14000000.0,320000000.0,0.0014709141105413,0.0091523630544543,2.299194056831766e-05,0.010623277164995601,226.87006661524927,69.40680404433988,1422.2725500703998
V1_blackbox,S2,5,4,600,2.0,12.4417,8.9725,0.9579,6.1818,429,7.8076,0.0154,0.9797,3.9287,1711,,,,,,,,,,,,,,
V2_soft_physics,S2,5,4,600,2.8,7.9858,1.5801,0.9827,3.5948,429,7.389,0.0487,0.9818,3.6482,1711,,,,,,,,,,,,,,
V3_hard_arch,S2,5,4,600,2.2,31.973,-20.6183,0.7221,17.2424,429,29.4196,-12.7108,0.7117,17.5026,1711,60.0,60.0,45.17,45.17,48.26,56000000.0,320000000.0,0.000653255265206,0.0040646907873451,0.0001810808607842,0.0047179460525510995,45.16757084772615,31.114091517798254,93.28381723185338
V4_neural_forcing,S2,5,4,600,4.4,9.555,4.8953,0.9752,4.5935,429,8.1949,-0.7452,0.9776,4.0163,1711,0.0,0.0,145.87,141.31,129.4,35000000.0,200000000.0,0.0011064135469496,0.0067567597143352,0.0008029069867916,0.0078631732612848,141.94379265491696,58.668086127495975,56.4084002558512
V4F_fixed_Qint,S2,5,4,600,2.3,23.0167,-13.3093,0.856,12.2721,429,20.3167,-10.2265,0.8625,12.2933,1711,0.0,0.0,147.93,106.27,33.26,35000000.0,200000000.0,0.0011156748514622,0.0057755829766392,0.0002335909957764,0.0068912578281013995,112.03870240312,52.83879835772445,49.83454256731282
V5_wrong_constraints,S2,5,4,600,2.8,296.884,199.312,-22.9605,135.4756,429,351.6942,266.2767,-40.1978,193.8156,1711,60.0,60.0,226.87,226.87,93.43,14000000.0,320000000.0,0.0014709118986502,0.0091523481532931,2.2991944206296463e-05,0.0106232600519433,226.86954005979385,69.40675476163759,1422.2723092036326
V1_blackbox,S2,10,4,600,2.0,17.5646,11.2211,0.9165,8.3234,429,12.0845,0.0219,0.9524,6.0298,1711,,,,,,,,,,,,,,
V2_soft_physics,S2,10,4,600,2.8,13.5282,3.4658,0.9505,5.7316,429,11.796,0.0506,0.9547,5.8299,1711,,,,,,,,,,,,,,
V3_hard_arch,S2,10,4,600,2.1,32.9356,-19.7959,0.7065,17.6482,429,30.6269,-12.6909,0.6944,18.3953,1711,60.0,60.0,45.93,45.93,48.43,56000000.0,320000000.0,0.0006566905649378,0.0040860679000616,0.0001805001520551,0.004742758464999401,45.93102969228926,31.4744779017455,93.90565382635131
V4_neural_forcing,S2,10,4,600,4.4,14.2683,6.3192,0.9449,6.5716,429,12.5176,-0.8518,0.949,6.1307,1711,0.0,0.0,146.15,141.95,128.42,35000000.0,200000000.0,0.0011076817754656,0.0067744809202849,0.0007994704064913,0.0078821626957505,142.52808294616926,58.76766154862335,56.221018669587394
V4F_fixed_Qint,S2,10,4,600,2.3,25.2224,-12.4213,0.8279,13.467,429,22.4994,-10.2091,0.8351,13.5562,1711,0.0,0.0,149.13,107.65,33.52,35000000.0,200000000.0,0.0011210872326046,0.0058140708133578,0.0002326923713553,0.0069351580459624,113.38947833730461,53.13733330284914,50.413181988498444
V5_wrong_constraints,S2,10,4,600,2.8,301.392,202.195,-23.5788,136.1274,429,351.4423,266.013,-39.2374,193.8079,1711,60.0,60.0,226.87,226.87,93.43,14000000.0,320000000.0,0.0014709181850776,0.0091523882001638,2.2991942387307063e-05,0.0106233063852414,226.87096569973542,69.40688819334896,1422.2724296370066
V1_blackbox,S3,0,4,600,3.5,10.3105,8.4592,0.9708,5.4243,429,5.7303,0.0127,0.9889,2.8392,1711,,,,,,,,,,,,,,
V2_soft_physics,S3,0,4,600,7.4,5.2482,1.4962,0.9924,2.4395,429,5.267,0.0813,0.9906,2.5207,1711,,,,,,,,,,,,,,
V3_hard_arch,S3,0,4,600,2.2,31.1183,-20.5256,0.7344,16.7537,429,28.9475,-12.7337,0.7172,17.1115,1711,60.0,60.0,46.1,46.1,48.19,56000000.0,320000000.0,0.0006574392318725,0.0040907324291765,0.0001813270791899,0.004748171661048999,46.09758957073844,31.552601043029956,93.02136314314774
V4_neural_forcing,S3,0,4,600,4.4,7.5992,5.278,0.9842,3.8604,429,6.1296,-0.6816,0.9873,2.9671,1711,0.0,0.0,146.87,142.7,130.69,35000000.0,200000000.0,0.0011108973994851,0.006795578636229,0.0008074237266555,0.007906476035714101,143.27618571428005,58.89445581926102,56.65225228768476
V4F_fixed_Qint,S3,0,4,600,2.3,22.0334,-13.1924,0.8669,11.626,429,19.6114,-10.2463,0.8702,11.9567,1711,0.0,0.0,149.54,107.96,33.12,35000000.0,200000000.0,0.0011229191441088,0.005822904407978,0.0002340806095162,0.0069458235520868,113.71764775651694,53.2092922368641,49.521141765387256
V5_wrong_constraints,S3,0,4,600,2.8,298.0521,200.0964,-23.3646,135.6093,429,352.2627,266.7268,-40.8744,193.8375,1711,60.0,60.0,226.87,226.87,93.43,14000000.0,320000000.0,0.0014709141105413,0.0091523630544543,2.299194056831766e-05,0.010623277164995601,226.87006661524927,69.40680404433988,1422.2725500703998
V1_blackbox,S3,5,4,600,1.9,12.4417,8.9725,0.9579,6.1818,429,7.8076,0.0154,0.9797,3.9287,1711,,,,,,,,,,,,,,
V2_soft_physics,S3,5,4,600,2.7,7.9858,1.5801,0.9827,3.5948,429,7.389,0.0487,0.9818,3.6482,1711,,,,,,,,,,,,,,
V3_hard_arch,S3,5,4,600,2.1,31.973,-20.6183,0.7221,17.2424,429,29.4196,-12.7108,0.7117,17.5026,1711,60.0,60.0,45.17,45.17,48.26,56000000.0,320000000.0,0.000653255265206,0.0040646907873451,0.0001810808607842,0.0047179460525510995,45.16757084772615,31.114091517798254,93.28381723185338
V4_neural_forcing,S3,5,4,600,4.3,9.5627,4.8983,0.9751,4.597,429,8.1947,-0.7458,0.9776,4.0163,1711,0.0,0.0,145.87,141.32,129.39,35000000.0,200000000.0,0.0011064293794333,0.006756838876754,0.0008028685697354,0.0078632682561873,141.94671557499387,58.668585451822764,56.40631440892637
V4F_fixed_Qint,S3,5,4,600,2.3,23.0167,-13.3093,0.856,12.2721,429,20.3167,-10.2265,0.8625,12.2933,1711,0.0,0.0,147.93,106.27,33.26,35000000.0,200000000.0,0.0011156748514622,0.0057755829766392,0.0002335909957764,0.0068912578281013995,112.03870240312,52.83879835772445,49.83454256731282
V5_wrong_constraints,S3,5,4,600,2.8,296.884,199.312,-22.9605,135.4756,429,351.6942,266.2767,-40.1978,193.8156,1711,60.0,60.0,226.87,226.87,93.43,14000000.0,320000000.0,0.0014709118986502,0.0091523481532931,2.2991944206296463e-05,0.0106232600519433,226.86954005979385,69.40675476163759,1422.2723092036326
V1_blackbox,S3,10,4,600,5.0,17.5646,11.2211,0.9165,8.3234,429,12.0845,0.0219,0.9524,6.0298,1711,,,,,,,,,,,,,,
V2_soft_physics,S3,10,4,600,7.5,13.5282,3.4658,0.9505,5.7316,429,11.796,0.0506,0.9547,5.8299,1711,,,,,,,,,,,,,,
V3_hard_arch,S3,10,4,600,2.2,32.9356,-19.7959,0.7065,17.6482,429,30.6269,-12.6909,0.6944,18.3953,1711,60.0,60.0,45.93,45.93,48.43,56000000.0,320000000.0,0.0006566905649378,0.0040860679000616,0.0001805001520551,0.004742758464999401,45.93102969228926,31.4744779017455,93.90565382635131
V4_neural_forcing,S3,10,4,600,4.3,14.262,6.3104,0.945,6.5673,429,12.5166,-0.8551,0.949,6.1306,1711,0.0,0.0,146.15,141.95,128.41,35000000.0,200000000.0,0.001107673626393,0.0067744832485914,0.0007994315237738,0.007882156874984399,142.52790384567382,58.76763109962293,56.21888934929805
V4F_fixed_Qint,S3,10,4,600,2.2,25.2224,-12.4213,0.8279,13.467,429,22.4994,-10.2091,0.8351,13.5562,1711,0.0,0.0,149.13,107.65,33.52,35000000.0,200000000.0,0.0011210872326046,0.0058140708133578,0.0002326923713553,0.0069351580459624,113.38947833730461,53.13733330284914,50.413181988498444
V5_wrong_constraints,S3,10,4,600,4.7,301.392,202.195,-23.5788,136.1274,429,351.4423,266.013,-39.2374,193.8079,1711,60.0,60.0,226.87,226.87,93.43,14000000.0,320000000.0,0.0014709181850776,0.0091523882001638,2.2991942387307063e-05,0.0106233063852414,226.87096569973542,69.40688819334896,1422.2724296370066
